typo,replacement
aadachtspunten,aandachtspunten
aanbienden,aanbieden
aanbrenegen,aanbrengen
aandacgt,aandacht
aandachtpunten,aandachtspunten
aandere,andere
aandurf,aan durf
aandurft,aan durft
aaneenlopend,aaneen lopend
aangegeve,aangegeven
aangegevend,aangevend
aangekaard,aangekaart
aangekodigd,aangekondigd
aangepasste,aangepaste
aangerakt,aangeraakt
aangerijkte,aangereikte
aangevenzodat,aangeven zodat
aangewerkt,aan gewerkt
aangrijppunten,aangrijpingspunten
aankan,aan kan
aanlsuiting,aansluiting
aanmoedeigen,aanmoedigen
aannamens,aannames
aanpsreken,aanspreken
aansluitng,aansluiting
aantaal,aantal
aante,aan te
aantl,aantal
aanvulend,aanvullend
aanvulingen,aanvullingen
aanvullendonderzoek,aanvullend onderzoek
aanvullin,aanvulling
aanvulllingen,aanvullingen
aanwezeg,aanwezig
aanwijzigingen,aanwijzingen
aanwijzijngen,aanwijzingen
aanwizig,aanwezig
aanwzig,aanwezig
aasisitent,assistant
aawezig,aanwezig
aawijzingen,aanwijzigen
acatief,actief
accepteerd,accepteert
accoord,akkoord
accuratte,accurate
accuut,acuut
acheraf,achteraf
achtergrondinfo,achtergrondinformatie
achterkom,achter kom
achterligegdne,achter liggende
achthergrondkennis,achtergrondkennis
acief,actief
acthergrond,achtergrond
actieviteit,activiteit
actiief,actief
Actiievere,actievere
activer,actiever
activere,actievere
activitietn,activiteiten
actoief,actief
acuraat,accuraat
acurate,accurate
addertiever,assertiever
adekwaat,adequaat
adekwate,adequate
adeqaat,adequaat
adeqauaat,adequaat
adeqaute,adequate
adequat,adequaat
adeuate,adequate
adhv,aan de hand van
administartie,administratie
admnistratie,administratie
adquaat,adequaat
adquate,adequate
adrem,ad rem
adreseert,adresseert
adssistente,assistente
adviesen,adviezen
advis,advies
adviviezen,adviezen
aedquate,adequate
afd,afdeling
afdelingweken,afdelingsweken
afdling,afdeling
afdwaald,afdwaalt
afenemen,afnemen
afgespraken,afgesproken
afgsproken,afgesproken
afhandeld,afhandelt
afhebben,af hebben
afkkortingen,afkortingen
afkoertingen,afkortingen
afkoringen,afkortingen
aflatenleiden,af laten leiden
afleidend,afleidend
aforting,afkortingen
afpsraken,afspraken
afsrpaken,afspraken
afwegeing,afweging
afwezighedi,afwezigheid
afwijkigen,afwijkingen
afwillen,af willen
agendavulling,1
aggresief,agressief
aggressiviteit,agressiviteit
Agrumentatie,argumentatie
akkkoord,akkoord
akkoordeerde,akkoordeerde
akoustiek,acoustiek
aktie,actie
aktief,actief
aktieve,actieve
aktiever,actiever
aktievere,actievere
alcoolproblemen,alcoholproblemen
alelen,alleen
algemeem,algemeen
algemen,algemeen
algemeniteit,algemeenheid
algenoemd,al genoegmd
algmeen,algemeen
algmene,algemene
alineas,alinea's
allebij,allebei
alléén,alleen
allergieen,allergiën
allergiëen,allergiën
allergien,allergiën
allergiën,allergiën
Allerigiën,allergiën
allert,alert
allleen,alleen
allles,alles
alllure,allure
alls,alles
alltijd,altijd
ALs,als
àls,als
alsog,alsnog
alss,als
Alsvast,alvast
alsvolgt,als volgt
alszijnde,als zijnde
alternatiefen,alternatieven
Altidj,altijd
áltijd,altijd
Altijden,al tijden
altjid,altijd
altruistisch,altruïstisch
alvoor,al voor
ambieren,ambiëren
ambiteus,ambitieus
amerikaans,Amerikaans
ammicaal,amicaal
amnamnestische,anamnetische
analyseerd,analyseert
analyze,analyse
anamanese,anamnese
anamenestische,anamnetische
anamense,anamnese
anamerkingen,aanmerkingen
Anamese,anamnese
anamnees,anamnese
anamnesel,anamnese
anamnesese,anamnese
anamnesetav,anamnese tav
anamnesevragen,anamnese vragen
anamnse,anamnese
anamnsese,anamnese
ananmese,anamnese
ananmnese,anamnese
anbioticia,antibiotica
andacht,aandacht
andagtig,aandachtig
anderre,andere
andersmans,andermans
anderszijds,anderzijds
ANIOSén,aniosen
anmanese,anamnese
anmelden,aanmelden
anmnese,anamnese
annames,aannames
annamnese,anamnese
Annonimiseren,anonimiseren
Anonimiseer,anonimiseer
ansich,an sich
antbiotica,antibiotica
antiobiotica,antibiotica
antiobitoica,antibiotica
anwoorden,antworden
aonddienst,avonddienst
apatisch,apathisch
aptient,patiënt
aqan,patiënt
asertief,assertief
asisstent,assistent
asistent,assistent
asistente,assistente
aspecpten,aspecten
asseritever,assertiever
assersief,assertief
ASsertief,assertief
Assertiever,assertiever
assertievere,assertievere
assertieviteit,assertiviteit
assertive,assertieve
assertiveit,assertiviteit
assertiver,assertiever
assertivitieitscursus,assertiviteitscursus
asservtiviteit,assertiviteit
Assetief,assertief
assisent,assistent
assisitent,assistent
assisitenten,assistenten
assisstent,assistent
assistant,assistent
assisten,assistent
assistenen,assistenten
assistentent,assistenten
assistents,assistent
assitent,assistent
asssitent,assistent
asstertiever,assertiever
atikelen,artikelen
atittude,attitude
atitude,attitude
atlijd,altijd
attitide,attitude
attutide,attitude
autenticiteit,authenticiteit
autentiek,authentiek
authoriseren,autoriseren
authoriteit,autoriteit
autroriteit,autoriteit
avonddiest,avonddienst
baceterie,bacterie
bacteriele,bacteriële
bacterien,bacteriën
bagetelliseer,bagatelliseer
bagetelliseren,bagatelliseren
balast,ballast
bangvoor,bang voor
bantwoorde,beantwoordde
barriere,barrière
barriëre,barrière
barrierre,barrière
bealangrijke,belangrijke
bealngrijkste,belangrijkste
bealngstellng,belangstelling
beantword,beantwoord
beargmenteerd,beargumenteerd
Beargumentatie,argumentatie
becshrijving,beschrijving
bedekenk,bedenk
bedeoeld,bedoeld
bediscussieren,bediscussiëren
bedoeiling,bedoeling
bedweterig,betwetering
beeindig,beëindig
beeindigen,beëindigen
beelbelovende,veelbelovende
beeordeling,beoordeling
begrijpe,begrijpen
begripvn,begrip van
behandelmogrlijkheden,behandelmogelijkheden
behandeln,behandelen
behandelsplan,behandelplan
behandelsrelatie,behandelrelatie
behandled,behandeld
behandleing,behandeling
beheersd,beheerst
behersen,beheersen
behoeftes,behoeften
behulpvaardig,hulpvaardig
beinvloed,beïnvloed
beinvloeden,beïnvloeden
beïnvloedenndoor,beïnvloeden door
beinvloedt,beïnvloedt
bejeging,bejegening
bekjiken,bekijken
beknopetere,beknopte
beknotpe,beknopte
bekopt,beknopte
bekopte,beknopte
belangerijk,belangrijk
belangerijke,belangrijke
belangirjk,belangrijk
belangirjkste,belangrijkste
belangrijkstge,belangrijkste
belangrijktste,belangrijkste
belangrijpe,belangrijke
Belangrijskte,belangrijkste
belangrijste,belangrijkste
belanrijk,belangrijk
belanrijke,belangrijke
belans,balans
beleveniswereld,belevingswereld
belgisch,Belgisch
belgische,Belgische
bellicht,belicht
belnangrijkste,belangrijkste
bendeken,bedenken
benedengemiddeld,beneden gemiddeld
beneoemt,benoemt
benknopt,beknopte
benoemne,benoemen
benoend,benoemd
benomeen,benoemen
beooordeeld,beoordeeld
beoordeleing,beoordeling
Beordeeld,beoordeeld
bepreekbaar,bespreekbaar
beprekingen,besprekingen
bepsreking,bespreking
berangrijke,belangrijke
BerBeo,beroepsbeoefenaar
beredenatie,redenatie
beredeniring,beredenering
bereieken,bereiken
berengen,brengen
bergijjpt,begrijpt
bergijpelijk,begrijpelijk
bergijpelijke,begrijpelijke
bergrijpt,begrijpt
berijkt,bereikt
Beroepsbeoefening,beroepsbeoefening
beroepsoefenaar,beroefsbeoefenaar
beroepsuitoefenaars,beroepsbeoefenaars
berouwbare,betrouwbare
berperkte,beperkte
berschijving,beschrijving
berschrijving,beschrijving
bersproken,besproken
Bertrokken,betrokken
bescehiden,bescheiden
beschadegingen,beschadigingen
beschieden,bescheiden
beschijf,beschrijf
beschijven,beschrijven
beschikbaarom,beschikbaar om
beschreving,beschrijving
beschrijveing,beschrijving
Bescrhijf,beschrijf
besft,beseft
bespreke,bespreken
besprkeen,bespreken
besprkeing,bespreking
besproekn,besproken
besrpeken,bespreken
bested,besteed
bestgedaan,best gedaan
betekenins,betekenis
betouwbaar,betrouwbaar
Betref,betreft
BEtrekking,betrekking
betreokkenheid,betrokkenheid
betroekkenheid,betrokkenheid
betrokeen,betrokken
betrokenheid,betrokkenheid
betrokkeheid,betrokkenheid
Betrokkendheid,betrokkenheid
betrokkenenen,betrokkenen
betrokkener,meer betrokken
betrokkken,betrokken
betrooken,betrokken
betropkken,betrokken
betruwbaar,betrouwbaar
betutellend,betuttelend
beuwst,bewust
bevatovldoende,bevat voldoende
bevindeningen,bevindingen
bevindingenvan,bevindingen van
bevingingen,bevindingen
bevloigenheid,bevlogenheid
bevoegheden,bevoegdheden
bevoorbeeld,bijvoorbeeld
bevordelijk,bevorderlijk
BEwakeneigen,bewaken eigen
Bewonderingswaardig,bewonderingswaardig
bewusrt,bewust
bezwraren,bezwaren
bgein,begin
bief,brief
biijvoorbeeld,bijvoorbeeld
BIj,bij
bijbehorendemedische,bijbehorende medische
bijbevindingingen,bij bevindingen
bijbvoorbeeld,bijvoorbeeld
bijeenhoren,bijeen horen
bijgetallen,bij getallen
bijgetypt,bij getypt
bijontslag,bij ontslag
bijprobleem,bij probleem
BIjv,bijvoorbeeld
bijv.,bijvoorbeeld
bijvaan,bij aan
bijvaangeven,bij aangeven
bijvactief,bij actief
bijvacute,bij acute
bijvadvies,bij advies
bijvafwezigheid,bij afwezigheid
bijvaltijd,bij altijd
bijvanamnese,bij anamnese
bijvarteriele,bij arteriële
bijvavonddiensten,bij avonddiensten
bijvbeoordelen,bij beoordelen
bijvBespreking,bij bespreking
bijvbij,bijvoorbeeld bij
bijvbovenste,bij bovenste
bijvbuikpijn,bij buikpijn
bijvcatheterisatie,bij catheterisatie
bijvclient,bij cliënt
bijvcompleetheid,bij compleetheid
bijvcortonen,bij cortonen
bijvCRP,bij CRP
bijvdat,bij dat
bijvde,bij de
bijvdirect,bij direct
bijvdoor,bij door
bijvdyspnoe,bij dyspnoe
bijvechografisch,bij echografisch
bijvecxisie,bij excisie
bijveen,bij een
bijveerst,bij eerst
bijveigen,bij eigen
Bijven,blijven
bijvexacte,bij exacte
bijvferrofumaraat,bij ferrofumaraat
bijvgeen,bij geen
bijvgesprekken,bij gesprekken
bijvgestart,bij gestart
bijviets,bij iets
bijvin,bij in
bijvindien,bij indien
bijvinfectie,bij infectie
bijvInterne,bij interne
bijviom,bij in overleg met
bijvipv,bij in plaats van
bijvkindermishandeling,bij kindermishandeling
bijvKNO,bij KNO
bijvkoude,bij koude
bijvlangdurig,bij langdurig
bijvlastige,bij lastige
bijvleren,bij leren
bijvlichamelijk,bij lichamelijk
bijvlongfunctie,bij longfunctie
bijvluid,bij luid
bijvmagneet,bij magneet
bijvmaligniteit,bij maligniteit
bijvmeelopen,bij meelopen
bijvmeer,bij meer
bijvmet,bij met
bijvmoeite,bij moeite
bijvmoeten,bij moeten
bijvnagaan,bij nagaan
bijvniet,bij niet
bijvof,bij of
bijvonduidelijk,bij onduidelijk
bijvoogheelkunde,bij oogheelkunde
bijvook,bij ook
bijvop,bij op
bijvoperatie,bij operatie
bijvopsommingstekens,bij opsommingstekens
bijvorbeed,bijvoorbeeld
bijvorbeel,bijvoorbeeld
bijvorbeeld,bijvoorbeeld
bijvoudere, bij oudere
bijvover,bij over
bijvovergaan,bij overgaan
bijvoverlijden,bij overlijden
bijvPA,bij PA
bijvpatiënte,bij patiënte
bijvpatiënten,bij patiënten
bijvpijn,bij pijn
bijvpolikliniek,bij polikliniek
bijvpresentaties,bij presentaties
bijvradiologie,bij radiologie
bijvrapportage,bij rapportage
bijvrdoven,bij verdoven
bijvrmelden,bij vermelden
bijvslecht,bij slecht
bijvsociale,bij sociale
bijvspeculumonderzoek,bij speculumonderzoek
bijvstatusvoering,bij statusvoering
bijvtav,bij ten aanzien van
bijvte,bij te
bijvtijdens,bij tijdens
bijvtoen,bij toen
bijvuitgezette,bij uitgezette
bijvuitvoeren,bij uitvoeren
bijvurineweginfectie,bij urineweginfectie
bijvuroloog,bij uroloog
bijvVAG,bij VAG
bijvvaker,bij vaker
bijvvan,bij van
bijvverpleging,bij verpleging
bijvverschil,bij verschil
bijvvervolgafspraken,bij vervolgafspraken
bijvvolledige,bij volledige
bijvvoor,bij voor
bijvvooraf,bij vooraf
bijvvoorgeschiedenis,bij voorgeschiedenis
bijvvraagt,bij vraagt
bijvvulling,bij vulling
bijvwaarom,bij waarom
bijvweet,bij weet
bijvwie,bij wie
bijvzeggen,bij zeggen
bijvzelf,bij zelf
bijvzelfstandig,bij zelfstandig
bijvzie,bij zie
bijvzijn,bij zijn
bijzaakjes,bijzaken
bijzakken,bijzaken
binnenzit,binnen zit
bji,bij
bleasten,belasten
blenagrijk,belangrijk
bliijft,blijft
bliiven,blijven
blijkgevend,blijk gevend
blijtk,blijkt
Bliojf,blijft
blivjen,blijven
bllijven,blijven
bloedin,bloeding
bloedingEN,bloedingen
bloeduislag,bloeduitslag
bnadering,benadering
boding,bondig
bodinge,bondige
bodnig,bondig
bondege,bondige
bondeige,bondige
bondigerGeen,bondiger geen
bondin,bondig
bonding,bondig
bondinger,bondiger
bonidg,bondig
boodschapmt,boodschap
borrdelaars,beoordelaars
bovengemiddeld,boven gemiddeld
bovengemiddelde,boven gemiddelde
Bovengemidelde,boven gemiddelde
bovenstand,bovenstaand
bovenverwachting,boven verwachting
bovnstaande,bovenstaande
bozige,boze
breeder,breder
breieken,bereiken
breiven,brieven
bried,brief
briefnvt,brief nvt
brieg,brief
brieve,brieven
brioef,brief
brioeven,brieven
broef,brief
bruibaarheid,bruikbaarheid
bv.,bijvoorbeeld
bvoodschap,boodschap
bweust,bewust
bwoordeingen,bewoordingen
bwtrokken,betrokken
byzonderheden,bijzonderheden
capiciteiten,capaciteiten
carriere,carrière
carriëre,carrière
carriereperspectief,carrièreperspectief
casuestiek,casuïstiek
casuiïstiek,casuïstiek
casuistiek,casuïstiek
casuistieken,casuïstieken
casustiek,casuïstiek
Chapeau,chapeau
Chappeau,chapeau
chineesverhaal,Chinees verhaal
Chirug,chirurg
chirugische,chirurgische
chiurg,chirurg
chiurgie,chirurgie
chronilogisch,chronologisch
chronolgische,chronologische
chronolisch,chronologisch
chronologishe,chronologische
chronologsisch,chronologisch
chronololgie,chronologie
chteraf,achteraf
cikel,cirkel
ciommunicatie,communicatie
circelredenering,cirkel redenering
client,cliënt
clienten,cliënten
Coachbaar,coachbaar
coaschappen,coschappen
coass,coassistent
Coassistente,coassistente
collaberen,collaboreren
collagae,collegae
collagea,collegae
colleaga,collegae
colleagae,collegae
collegaas,collega's
collegas,collega's
collegás,collegae
collegea,collegae
collegeaal,collegiaal
collegeale,collegiale
collegeaus,collegae
collegial,collegiaal
com,communicator
comcreet,concreet
comissie,commissie
commicatie,communicatie
commincatie,communicatie
comminceren,communiceren
comminicatie,communicatie
comminicatief,communicatief
comminicator,communicator
comminucatie,communicatie
comminucatief,communicatief
Comminuceert,communiceert
comminuseert,communiceert
commnicatie,communicatie
commniceren,communiceren
commu,communicatie
commucatie,communicatie
commuicatie,communicatie
commumicatie,communicatie
communatieve,communicatieve
communcatie,communicatie
Communcatief,communicatief
communciatie,communicatie
Communciatief,communicatief
communcicatie,communicatie
communiactie,communicatie
communiatie,communicatie
communicaite,communicatie
communicaitie,communicatie
communicate,communicatie
communicateren,communiceren
communicatiemethode,communicatie methode
communicatieniveau,communicatie niveau
communicatiestijl,communicatie stijl
communicatiestijlen,communicatie stijlen
communicatiet,communiceert
communicatietactieken,communicatie tactieken
Communicatievaardig,communicatief vaardig
Communicatievaardigheden,communicatievaardigheden
communicatieverbeterpunten,communicatie verbeterpunten
communicatievoering,communicatie
communicatiewijze,wijze van communiceren
communicatif,communicatief
Communiceeert,communiceert
communiceerd,communiceert
communicerne,communiceren
communicitieve,communicatieve
communictaie,communicatie
communictie,communicatie
communieert,communiceert
communincatie,communicatie
communiseren,communiceren
communitatief,communicatief
communitatieve,communicatieve
communiticatie,communicatie
communiucatie,communicatie
communivcatie,communicatie
Communnicatie,communicatie
communucatief,communicatief
communuicatie,communicatie
compactp,compact
compassievol,vol compassie
compelxer,complexer
compententie,competentie
competetie,competentie
competeties,competenties
competetnties,competenties
compexere,complexere
compexiteit,complexiteit
compleeet,compleet
compleetheud,compleetheid
compleetovrwachte,compleet onverwachte
Completere,meer complete
complicateis,complicaties
complicatiesz,complicaties
comunicatie,communicatie
comunicatief,communicatief
comuniceert,communiceert
comuniceren,communiceren
comunniceren,communiceren
concentieus,consciëntieus
concequenties,consequenties
concluse,conclusie
conclusiepunten,conclusie punten
conclusio,conclusie
conclussie,conclusie
concolusie,conclusie
concretere,meer concrete
Conculsie,conclusie
concusie,conclusie
conditei,conditie
confidentiele,confidentiële
conitinu,continu
conlcusie,conclusie
conlusie,conclusie
conlusies,conclusies
conrete,concrete
Conscientieus,consciëntieus
conscientieuze,consciëntieuze
consencieus,consciëntieus
consentieus,consciëntieus
conslult,consult
conslusie,conclusie
consructief,constructief
constistentie,consistentie
constructiever,meer constructief
consulatatie,consultatie
consultvoerint,consultvoering
consutlvoering,consultvoering
contactmaken,contact maken
contcat,contact
continuiteit,continuïteit
continuitie,continuïtie
contrete,concrete
controlbeerbaar,controleerbaar
controleerd,controleert
controlerenpijn,controleren pijn
controlern,controleren
controlleert,controleert
coollega,collega
coomunicatief,communicatief
Coomuniceert,communiceert
cooperateive,coöperatieve
cooperatief,coöperatief
coordinatie,coördinatie
coordineert,coördineert
coorect,correct
copie,kopie
copieren,kopiëren
cordinatie,coördinatie
coreect,correct
correcct,correct
correctiheid,correctheid
correctvol,correct
correpondentie,correspondentie
corrospondentie,correspondentie
coschaplocatie,coschap locatie
cosnult,consult
cosulten,consulten
cragen,vragen
creeer,creëer
creëerdeom,creëerde om
creeeren,creëren
creeëren,creëren
creëeren,creëren
creeerend,creërend
creeërt,creëeert
creeert,creëert
creerde,creëerde
creeren,creëren
creéren,creëren
creert,creëert
creërt,creëert
critisch,kritisch
cuidelijk,duidelijk
culterele,culturele
cvoorgesteld,voorgesteld
daaarna,daarna
daadwerklijk,daadwerkelijk
daadwerlijk,daadwerkelijk
daarbijbehorende,daarbij behorende
daarme,daarmee
DAarnaast,daarnaast
Daarnaastkwam,daarnaast kwam
daaruitvolgend,daaruit volgend
Daastnaast,daarnaast kwam
dagelijsk,dagelijks
daignose,diagnose
dalendee,dalende
danwel,dan wel
dara,daar
dát,dat
datamanagement,data management
dbeschreven,beschreven
ddaadwerkelijk,daadwerkelijk
deatils,details
debateren,debatteren
defenitief,definitief
deficientie,deficiëntie
definieren,definiëren
definiering,definiëring
definieve,definitieve
definitieren,definiëren
dehoogte,de hoogte
dehuisarts,dehuisarts
deligeer,delegeer
deligeren,delegeren
demedicatie,de medicatie
Demonstreet,demonstreert
depatiënt,de patiënt
detaills,details
dewerkplekbewgleider,de werkplekbegeleider
dezeflde,dezelfde
dezelde,dezelfde
dezeldfe,dezelfde
dezetweedeling,deze tweedeling
diagn,diagnose
diagnos,diagnose
diagnosesw,diagnoses
dianose,diagnose
dietetiek,diëtetiek
dietist,diëtist
dietiste,diëtiste
difeferentiaal,differentiaal
diferntiaal,differentiaal
diff,differentiaal
diffenrentiaal,differentiaal
differentaal,differentiaal
differentiaaL,differentiaal
differentiate,differentiatie
differentiele,differentiële
differentieren,differentiëren
differientaal,differentiaal
differnetiaal,differentiaal
differntiaal,differentiaal
diffrentiaal,differentiaal
diffretiaal,differentiaal
dilemmas,dilemma's
dillema,dilemma
dillemma,dilemma
dinegn,dingen
dinen,dingen
dinge,dingen
dingenop,dingen op
direkt,direct
direkter,director
Discusieer,discusiëer
discusieren,discusiëren
discusseis,discussie
discusseren,discusiëren
disinteresse,desinteresse
disipline,discipline
disrespect,respectloosheid
disucssie,discussie
ditovorbereid,dito voorbereid
diudelijk,duidelijk
documenteerd,documenteert
doelgerichter,meer doelgericht
doelmatigheidstudie,doelmatigheidsstudie
dóen,doen
dominatie,dominantie
dooor,door
doorbikkelen,door bikkelen
doorblijft,door blijft
doorblijven,door blijven
doordoseren,door doseren
doorezettingsvermogen,doorzettingsvermogen
doorgebruiken,door gebruiken
doorGeen,door geen
doorgemaak,door gemaakt
doormiddel,door middel
doorvtagen,door vragen
doorzettere,doorzetter
doorzuchten,door zuchten
Doovragen,door vragen
dossieropsommingen,dossier opsommingen
draairen,draaien
dremplel,drempel
druf,durf
druft,durft
drukteÂ,drukte
dubble,dubbel
Dudelijke,duidelijke
Dudidelijk,duidelijk
dudielijk,duidelijk
dudielijke,duidelijke
dudlijk,duidelijk
Duft,durft
duidedelijker,duidelijker
duideijk,duidelijk
Duideijker,duidelijker
duideiljk,duidelijk
Duideiljke,duidelijke
Duidelij,duidelijk
duidelijek,duidelijk
duidelijhk,duidelijk
duidelijik,duidelijk
DUidelijk,duidelijk
duidelijkaan,duidelijk aan
DUidelijke,duidelijke
duidelijkegeen,duidelijk geen
duidelijkj,duidelijk
duidelijkn,duidelijk
duidelikj,duidelijk
duidelilijke,duidelijke
Duideliljk,duidelijk
Duideliujk,duidelijk
duideljik,duidelijk
Duideljike,duidelijke
duidellijk,duidelijk
Duideluijk,duidelijk
duidleijk,duidelijk
duidleijke,duidelijke
duidlijk,duidelijk
duidlijke,duidelijke
duielijk,duidelijk
duiselijke,duidelijke
duits,Duits
duitse,Duitse
duitser,Duitser
dviezen,adviezen
dwarszit,dwars zit
dyslectie,dyslexie
dyuidelijk,duidelijk
ebrij,erbij
ebschikbaar,beschikbaar
écht,echt
echtnodig,echt nodig
eedere,effectief
éen,een
eenheiden,eenheden
eenkappa,een kappa
eenmal,eenmaal
éénmalig,eenmalig
eenrespectvolle,een respectvolle
eerderGeen,eerder geen
eerlijks,eerlijk
eeste,eerste
effcient,efficiënt
Effctief,effectief
effe,even
effecient,efficiënt
effeciente,efficiënte
effeciënter,efficiënter
effecieve,effectieve
effectient,efficiënt
effekt,effect
efficient,efficiënt
efficiente,efficiënte
efficienter,efficiënter
efficientere,efficiëntere
efficientie,efficiëntie
Efficitent,efficiënt
effictiviteit,effectiviteit
eficienter,efficiënter
egoistisch,egoïstisch
egsprek,gesprek
egstructureerd,gestructureerd
eht,het
eidnverandwooordelijke,eindverantwoordelijke
eiegen,eigen
eiegn,eigen
eifen,eigen
eige,eigen
eigeb,eigen
eigeinlijk,eigenlijk
eigelijk,eigenlijk
eigenbeeld,eigen beeld
eigeninitiatief,eigen initiatief
Eigeninitiative,eigen initiatief
eigenkennis,eigen kennis
eigenljk,eigenlijk
eigenreflectie,eigen reflectie
eign,eigen
einhoud,inhoud
elevante,relevante
elfstandig,zelfstandig
ellicht,wellicht
emailen,e-mailen
emails,e-mails
emapthie,empathie
emapthisch,empathisch
Emaptisch,empathisch
emeest,meest
emotieel,emotioneel
empathies,empathisch
Empathische,empathische
empathischie,empathische
empathish,empathisch
empatie,empathie
empatihische,empathische
empatihsch,empathisch
empatisch,empathisch
empatische,empathische
Empatischer,empathischer
Empatish,empathisch
emphatisch,empathisch
emphatische,empathische
empoathisch,empathisch
èn,en
engelse,Engelse
engelstalige,Engelstalige
enhausiast,enthousiast
enhousiasme,enthousiasme
Enhousiast,enthousiast
enhousiastme,enthousiasme
enigzins,enigszins
enklel,enkel
enthausiasme,enthousiasme
enthausiast,enthousiast
enthausiaste,enthousiaste
enthausiaster,enthousiaster
entheusiast,enthousiast
enthiousiasme,enthousiasme
enthiousiast,enthousiast
enthouasiast,enthousiast
enthouasist,enthousiast
enthoudiasme,enthousiasme
enthouiasme,enthousiasme
enthouisiasit,enthousiast
enthouisiast,enthousiast
enthousaist,enthousiast
enthousiasist,enthousiast
enthousiastisch,enthousiast
enthousiastme,enthousiasme
enthousiat,enthousiast
enthousiate,enthousiaste
enthousiats,enthousiast
enthousisaste,enthousiaste
enthousisme,enthousiasme
enthousisst,enthousiast
enthousist,enthousiast
enthusiasm,enthousiasme
enthusiast,enthousiast
Enthusiaste,enthousiaste
entoch,en toch
entousiast,enthousiast
entousiaste,enthousiaste
enthuisiaast,enthousiast
enz,enzovoort
enzo,en zo
eomgang,omgang
eomschrijving,omschrijving
eopname,opname
eoverdracht,overdracht
epathisch,empathisch
epatiënt,patiënt
epleiding,opleiding
eprspectief,perspectief
ervaard,ervaart
ervaarde,ervoer
ervaarden,ervoeren
ervarting,ervaring
ervating,ervaring
ervooor,ervoor
ervzorging,verzorging
eslissingen,beslissingen
essensiteel,essentieel
essentiëel,essentieel
essentiele,essentiële
etcafhankelijk,etc afhankelijk
etcbeknopt,etc beknopt
etcbeter,etc beter
etcbetrokken,etc betrokken
etcbij,etc bij
etccombineren,etc combineren
etcdan,etc dan
etcDD,etc DD
etcen,etc en
etcerg,etc erg
etcerin,etc er in
etcetc,etc etc
etcetcis,etc etc is
etcetcZorg,etc etc zorg
etcfeedback,etc feedback
etcgebruik,etc gebruik
etcgebruikt,etc gebruikt
etcGoed,etc goed
etcheb,etc heb
etcheeft,ect heeft
etcIets,etc iets
etcIk,etc ik
etcis,etc is
etcJe,etc je
etckan,etc kan
etckomt,etc komt
etcleergierig,ect leergiering
etcmaar,etc maar
etcmag,etc mag
etcmbt,etc mbt
etcmee,ect mee
etcmogelijke,etc mogelijke
etcNabehandeling,etc nabehandeling
etcniet,etc niet
etcnoemen,etc noemen
etcnog,etc nog
etcop,etc op
etcpostoperatief,etc post-operatief
etcprima,etc prima
etcPubMed,etc pubmed
etcstaat,etc staat
etcStelt,etc stelt
etctc,etc etc
etcte,etc
etctera,etcetera
etctoe,etc toe
etctypen,etc typen
etcuitgebreid,etc uitgebreid
etcuitleggen,etc uitleggen
etcvan,etc van
etcVerder,etc verder
etcvoor,etc voor
etcwat,etc wat
etcwilt,etc wilt
etcwist,etc wist
etczien,etc zien
etczijn,etc zijn
etczit,etc zit
etczo,etc zo
etczorg,etc zorg
ethousiasme,enthousiasme
ethousiast,enthousiast
ethousiastme,enthousiasme
ethsiche,ethische
etisch,ethisch
etische,ethisch
Etische,ethische
europa,Europa
evaleuurt,evalueert
evaluaeren,evalueren
evaulatie,evaluatie
evealueren,evalueren
evegoed,evengoed
eventeel,eventueel
eventueele,eventuele
eventuel,eventueel
evenwichting,evenwichtig
evetueel,eventueel
evrantwoordelijkheid,verantwoordelijkheid
evt,eventueel
Excelent,excellent
excelente,excellente
excellereren,excelleren
excpiliet,expliciet
exisie,excisie
explorereer,exploreer
exsternaliseren,externaliseren
extavorlichting,extra voorlichting
extavrduidelijking,extra verduidelijking
extavrmeld,extra vermeld
extavrmelden,extra vermelden
extroverter,extraverter
extrovertheid,extravert
fam,familie
famile,familie
familiaire,familiaire
familiegepsrekken,familiegesprekken
familiegsprek,familiegesprekken
familigesprekken,familiegesprekken
famillie,familie
feadback,feedback
fedback,feedback
feeback,feedback
feebacks,feedback
feecback,feedback
feedabck,feedback
feedack,feedback
feedbac,feedback
feedbach,feedback
feedbacks,feedback
Feedbackt,feedback
feedbackte,feedback te
feedbacl,feedback
feedbak,feedback
feedbakc,feedback
feedbaxck,feedback
feedbck,feedback
feedmack,feedback
feedsback,feedback
feeedback,feedback
feefback,feedback
Feekback,feedback
feeldnote,fieldnote
feesback,feedback
feetback,feedback
feitenweergave,feigen weergave
Felxibiliteit,flexibiliteit
fgeedback,feedback
FIlteren,filteren
financiele,financiële
financien,financiën
Flexibibileit,flexibiliteit
flexibilteit,flexibiliteit
focusen,focussen
focusst,focust
focuussen,focussen
fomulier,formulier
formee,formeel
formulatie,formulering
formulere,formuleren
formuleringfouten,formuleringsfouten
fornulieren,formulieren
fromulering,formulering
frusterend,frustrerend
fucntioneert,functioneert
fucntioneren,functioneren
fuctioneren,functioneren
fuinctioneren,functioneren
funcioneert,functioneert
funcioneren,functioneren
funcitoneren,functioneren
functioenren,functioneren
functioneerd,functioneert
functioren,functioneren
Funktioneert,functioneert
funktioneren,functioneren
funtioneert,functioneert
funtioneren,functioneren
fysiothrepauet,fysiotherapeut
gá,ga
gaanvermijden,gaan vermijden
gbruiken,gebruiken
gdetaileerd,gedetailleerd
geaddresserde,geadresseerde
geäpprcieerd,geapprecieerd
geatwoord,geantwoord
gebarcht,gebracht
gebasseerd,gebaseerd
gebeiuren,gebeuren
gebeurdt,gebeurt
gebeurenissen,gebeurtenissen
gebrouowde,gebrouwde
gebruiiken,gebruiken
gebruikde,gebruikte
gebruiki,gebruik
gebruitkt,gebruikte
gebruken,gebruiken
gebuik,gebruik
geburen,gebeuren
gecolpliceerde,gecompliceerde
gecommniceerd,gecommuniceerd
gecompromiteerde,gecompromitteerde
gecopieerd,gekopieerd
gecorriseerd,gecorrigeerd
gecreeerd,gecreëerd
gecreeërd,gecreëerd
gedaanm,gedaan
gedac,gedacht
gedachtengang,gedachtegang
gedachtengoed,gedachtegoed
gedachtenpatroon,gedachtepatroon
gedachtenproces,gedachteproces
gedachtes,gedachten
gedetaileerd,gedetailleerd
gedetaillerd,gedetailleerd
gedetaillererd,gedetailleerd
gedetalieerd,gedetailleerd
GEduld,geduld
Gedulkd,geduld
gedurendehaar,gedurende haar
gedurnede,gedurende
gedysfunctioneerd,gedisfunctioneerd
geeb,geen
geeef,geef
geeindigd,geëindigd
GEen,geen
geengageerd,geëngageerd
GeenGeen,geen geen
geennvt,geen nvt
geenpatiënten,geen patiënten
geevalueerd,geëvalueerd
geevolueerd,geëvolueerd
geëxploeerd,geëxploreerd
geexploreerd,geëxploeerd
gefoccust,gefocust
gefocused,gefocust
gefocussed,gefocust
geformuleer,geformuleerd
geformuleerdgeen,geformuleerd geen
gefrusteerde,gefrustreerde
gegegeven,gegeven
gegeken,gekeken
gegenereert,gegenereerd
gegroeit,gegroeid
gehlopen,geholpen
geillustreerd,geïllustreerd
geimplementeerd,geïmplementeerd
geïmplenteert,geïmplementeerd
geimproviseerd,geïmproviseerd
geincludeerd,geïncludeerd
geindiceerd,geïndiceerd
geinfecteerd,geïnfecteerd
geinfecteerde,geïnfecteerde
geinformeerd,geïnformeerd
geinitieert,geïnitieerd
geinspireerde,geïnspïreerde
geïnstreerd,geïnstrueerd
geinstrueerd,geïnstrueerd
geintegereerd,geïntegreerd
geintegreerd,geïntegreerd
geintensiveerd,geïntensiveerd
geintereseerd,geïnteresseerd
geïntereseerd,geïnteresseerd
geintereseerde,geïnteresseerde
geinteresseeerdde,geïnteresseerde
Geinteresseer,geïnteresseerd
geinteresseerd,geïnteresseerd
geÏnteresseerd,geÏnteresseerd
geinteresseerde,geïnteresseerde
geïnteresseerder,geïnteresseerder
geinteresseert,geïnteresseerd
geinteresserd,geïnteresseerd
geïnteresserd,geïnteresseerd
geinteresserde,geïnteresseerde
geinterpreteeerd,geïnterpreteerd
geinterpreteerd,geïnterpreteerd
geinterpreteerde,geïnterpreteerde
geinterreseerd,geïnterresseerd
Geïnterreseerd,geïnterresseerd
geïnterreseerder,geïnterreseerder
geinterresseerd,geïnteresseerd
geïnterresseerd,geïnteresseerd
geinterseerd,geïnteresseerd
geintersseerd,geïnterseseerd
geintersserd,geïnteresseerd
geintimideerd,geïntimideerd
geintreseerd,geïnteresseerd
geintreseerder,geïnteresseerder
geintresseerd,geïnteresseerd
geïntresseerd,geïnteresseerd
geintresseerde,geïnteresseerde
geïntresseerde,geïnteresseerder
geintresserd,geïnteresseerd
geintroduceerd,geïntroduceerd
geinvesteerd,geïnversteerd
geioniseerd,geïoniseerd
geirriteerd,geïrriteerd
geisoleerd,geïsoleerd
gekeleed,gekleed
gekoze,gekozen
gekunt,gekund
geleuisterd,geluisterd
gelijkin,gelijk in
gemaak,gemaakt
gemakkjelijker,gemakkelijker
gemakt,gemaakt
gemiddeldede,gemiddelde
gemiddlede,gemiddelde
gemideld,gemiddeld
gemoriveerd,gemotiveerd
gemotiveert,gemotiveerd
gemotivered,gemotiveerd
gemotivieerd,gemotiveerd
genant,gênant
genante,gênante
gène,gêne
Geneeskd,geneeskunde
geneeslunde,geneeskunde
geneesmidddel,geneesmiddel
geneesmidelen,geneesmiddelen
geneigt,geneigd
generekie,generieke
geneskunde,geneeskunde
genteresseerd,geïnteresseerd
geoberveerd,geobserveerd
geobserveeerd,geobserveerd
geod,goed
geode,goede
geoefent,geoefend
Geordender,meer geordend
georderd,geordend
georderner,meer geordend
geovdnen,gevonden
geovel,gevoel
geovserveerd,geobserveerd
geparticipeert,geparticipeerd
geplanned,gepland
gepluist,gepluisd
geprek,gesprek
geprobeert,geprobeerd
geregekld,geregeld
gerichtte,gerichte
gernzen,grenzen
gerricht,gerichte
gersprekstechniek,gesprekstechniek
geruster,meer gerust
geschakelt,geschakeld
gesctructureerd,gestructureerd
geslote,gesloten
geslotenere,gesloten
gesneufeld,gesneuveld
gespanneheid,gespannenheid
gespeksstijl,gespreksstijl
gesperk,gesprek
gespreek,gesprek
gespreken,gesprekken
gesprekpartner,gesprekspartner
gespreks,gesprek
gesprekspartnet,gesprekspartner
gesprektechniek,gesprekstechniek
gesprektstechniek,gesprekstechniek
gesprekvoeren,gesprek voeren
gesprekvoerig,gespreksvoering
gespresenteerd,gepresenteerd
gesrust,gerust
gestandariseerd,gestandaardiseerd
gestelt,gesteld
gestrctureerder,gestructueerder
gestresst,gestrest
gestresste,gestreste
gestresster,gestrester
gestructeerd,gestructureerd
Gestructereerd,gestructureerd
gestructereerder,gestructureerder
gestructreerd,gestructureerd
gestructueerd,gestructureerd
gestructueerde,gestructureerde
gestructueerder,gestructureerder
gestructureerden,gestructureerder
gestructureerder,gestructureerder
gestructureerdere,meer gestructureerd
gestructurerde,gestructureerde
gestructuurde,gestructureerde
gestuctureerd,gestructureerd
gestuctureerder,gestructureerder
gesturctureerd,gestructureerd
geswitched,geswitcht
getimed,getimet
getoon,getoond
getoont,getoond
getructureerder,gestructueerder
getruikeld,gestruikeld
gevoelsrefelectie,gevoelsreflectie
gevoelsreflecties,gevoelsreflecties
gevombineerde,gecombineerde
gevonde,gevonden
gevraagt,gevraagd
gewardeerd,gewaardeerd
gewees,geweest
gewenstr,gewenste
gewoom,gewoon
gewooon,gewoon
gexplanteerd,geëxplanteerd
gezamelijk,gezamenlijk
gezamelijke,gezamenlijke
gezegt,gezegd
gezeldschap,gezelschap
gezelling,gezellig
gezich,gezicht
gezichtsuidrukking,gezichtsuitdrukking
gezinssit,gezinssituatie
gezondheidrisico,gezondheidsrisico
gezondheidszorgstelselmet,gezondheidszorgstelsel met
gezondheidzorg,1
ggoede,goede
gioede,goede
goe,goed
góed,goed
GOed,goed
goedk,goed
goedkomen,goed komen
Goedzo,goed zo
Goeed,goed
gooed,goed
google,Google
grensen,grenzen
grenzenv,grenzen
grenzn,grenzen
grenzzen,grenzen
grezen,grenzen
greznen,grenzen
grnoegen,genoegen
groepdiscussie,groepsdiscussie
groepopdracht,groepsopdracht
groetendeels,grotendeels
groie,groei
groote,grootte
grrot,groot
Gsprek,gesprek
gven,geven
gynaceologisch,gynaecologisch
hadDjamila,had Djamila
halverwegen,halverwege
halvewege,halverwege
handeld,handelt
handeldt,handelt
handelignen,handelingen
handelin,handelen
handelinge,handelingen
handeln,handelen
handenwassen,handen wassen
handtekeing,handtekening
hanelingen,handelingen
hanteerd,hanteert
happeren,haperen
hardstikke,hartstikke
harstikke,hartstikke
hartsikke,hartstikke
HEb,heb
hebbne,hebben
hechttecnieken,hechttechnieken
hectischeperiode,hectische periode
hectischere,meer hectische
heeeeel,heel
heeeel,heel
heeeft,heeft
heeel,heel
héél,heel
heenstapt,heen stapt
Hefet,heeft
Hehandeld,gehandeld
heir,hier
heiruit,hieruit
heirvan,hiervan
heirvoor,hiervoor
heklder,helder
helamaal,helemaal
helebeen,hele been
heledere,heldere
helemal,helemaal
helikopterview,helikopterblik
hellemaal,helemaal
herhalaaldelijke,herhaaldelijke
herkenen,herkennen
herkennin,herkenning
herproduceren,reproduceren
herrinner,herinner
hertel,herstel
Herzelfde,hetzelfde
HEt,het
hetgene,hetgeen
hetlder,heldere
hetook,het ook
hetovhetgeen,het of hetgeen
hetovldoende,het voldoende
hetovlgen,het volgen
hetovrhoopt,het overhoopt
hetovrmijdbaar,het onvermijdbaar
hetovrmijdelijke,het onvermijdelijke
hetovrwacht,het onverwacht
Hetvgaat,het gaat
hetvolgende,het volgende
hetzelf,het zelf
hgraag,graag
hieervoor,hiervoor
hierachie,hierarchie
hierarchie,hierarchie
hierarchie,hiërarchie
Hierdor,hierdoor
hierme,hiermee
hieroner,hieronder
hieroverheen,hier overheen
hiervboven,hierboven
higiene,hygiëne
hinederen,hinderen
hiouding,houding
hoelwel,hoewel
hoerin,hierin
hoervoor,hiervoor
hoevaak,hoe vaak
hoevel,hoeveel
hoofbehandelaar,hoofdbehandelaar
hoofdnoodzakelijke,hoofdzakelijke
hoofdproble,hoofdprobleem
Hoofdpuntenm,hoofdpunten
HoofdpuntenOK,hoofdpunten ok
hoofdzakken,hoofdzaken
hoofzakelijk,hoofdzakelijk
hoogcomlpexe,hoog complexe
hoogopstaande,hoog opstaande
hoogspecialistisch,hoog specialistisch
hoogstnoodzakelijke,hoofdzakelijke
hopefully,hopelijk
houde,houden
houdig,houding
houdinglaat,houding laat
houidng,houding
houwvast,houvast
huding,houding
huerbij,hierbij
huisaarts,huisarts
huisart,huisarts
huisartsassistent,huisarts assistant
huisrat,huisarts
huisrats,huisarts
hulpmiddeld,hulpmiddel
husiarts,huisarts
hygiene,hygiëne
hygieneprotocol,hygiëneprotocol
hygieneregels,hygiëneregels
hygienisch,hygiënisch
ichamelijk,lichamelijk
ideeen,ideeën
ideëen,ideeën
ideen,ideeën
ideën,ideeën
identeit,identiteit
idnerdaad,inderdaad
ieamnd,iemand
iedee,ideeën
iedeën,ideeën
iederen,iedereen
iedergeval,ieder geval
iedreen,iedereen
iegen,eigen
iemad,iemand
ierdereen,iedereen
iermand,iemand
iest,iets
ietswat,iets wat
iformeer,informeer
igneschat,ingeschat
ìk,ik
ikheb,ik heb
ikprobeer,in probeer
implentatie,implementatie
implenteer,implementeer
implimenteer,implementeer
importante,belangrijke
incl,inclusief
inclsuief,inclusief
incorrectheid,onjuistheid
incullen,invullen
indat,in dat
indicati,indicatie
INdien,indien
Indit,in dit
indrukGeen,indruk geen
indrulk,indruk
inernist,internist
inetremenselijke,intermenselijke
infecie,infectie
infectiecasus,infectie casus
infectiefocus,infectie focus
infectieparameters,infectie parameters
infiiltraat,infiltraat
infiltratei,infiltratie
infitratie,infiltratie
infomatie,informatie
inforatie,informatie
informaie,informatie
informaite,informatie
informate,informatie
informatiebevat,informatie bevat
informatieinwinning,informatie inwinning
informatieoverdragt,informatieoverdracht
informatieterugkoppeling,informatie terugkoppeling
informtaie,informatie
infra,informatie
infromatie,informatie
ingeveuld,ingevuld
ingewekt,ingewerkt
ingredienten,ingrediënten
inhet,in het
iniaitief,initiatief
iniatatief,initiatief
iniatiatief,initiatief
iniatief,initiatief
iniatiefrijk,initiatiefrijk
iniatieven,initiatieven
iniciatief,initiatief
inifiatief,initiatief
inifitiatief,initiatief
ininformatie,in informatie
ininiatief,initiatief
ininitatief,initiatief
inisiatief,initiatief
inisiativieven,initiatieven
initaiatief,initiatief
initaitef,initiatief
initaitief,initiatief
initatiatief,initiatief
initatief,initiatief
initatiefname,initiatiefname
initatiefnemend,initiatiefnemend
initatiefrijk,initiatiefrijk
initatiefrijker,initiatiefrijker
initatieven,initiatieven
initeel,initieel
initiaf,initiatief
initiaitef,initiatief
initiatef,initiatief
initiateif,initiatief
initiatied,initiatief
initiatiëf,initiatief
Initiatiefname,initiatiefname
initiatiefnemen,initiatief nemen
initiatiefnemend,initiatief nemend
initiatiefnemende,initiatief nemende
initiatiefvermogen,initiatief vermogen
Initiatiefvol,initiatiefvol
initiatitief,initiatief
initief,initiatief
initiefneming,initiatiefneming
initiele,initiële
initiem,intiem
initieren,initiëren
inititaiteven,initiatieven
inititatief,initiatief
inititiaief,initiatief
inititiatief,initiatief
inititief,initiatief
inititieve,initiatief
initoatief,initiatief
inizcht,inzicht
inizicht,inzicht
injuiste,in juiste
Inlevingsgevoel,empathie
inmmers,immers
inniatiatief,initiatief
innitiatief,initiatief
inplaats,in plaats
inprincipe,in principe
inschaken,inschakelen
inschattigsvermogen,inschattingsvermogen
inschtting,inschatting
instante,instantie
insteling,instelling
instrcutie,instructie
instrcuties,instructies
instrucite,instructie
instrucites,instructies
instructes,instructies
INstrueert,instrueert
instrumnten,instrumenten
instureerbaar,instrueerbaar
insufficiente,insufficiënte
insufficientie,insufficiëntie
insziens,inziens
intatief,initiatief
integreerd,integreert
integrer,integer
integriteteit,integriteit
intelectueel,intellectueel
inteligente,intelligente
intellectule,intellectuele
interassante,interessante
interesseerd,interesseert
interessen,interesses
interger,integer
Intergere,integer
intergiteit,integriteit
interpreatie,interpretatie
interpreteerd,interpreteert
interrumteert,interrumpteert
interssant,interressant
interssante,interessante
intersse,interesse
intformatie,informatie
intiatief,initiatief
intiatiefrijk,initiatiefrijk
intiatieven,initiatieven
intiele,initiële
intitaiteif,initiatief
intitatief,initiatief
intitiaf,initiatief
intitiatief,initiatief
intitiatiefrijk,initiatiefrijk
intitief,initiatief
intressant,interessant
intresse,interesse
intructies,instructies
intubeerd,intubeert
inviduele,individuele
invoelbaarheid,empathie
invoerd,invoert
invoorgeschiedenis,in voorgeschiedenis
inzich,inzicht
ipvbehandelen,ipv behandelen
irrelavante,irrelevante
irrelavantie,irrelevantie
iscussie,discussie
islamitsche,Islamitische
istrumenten,instrumenten
itstraling,uitstraling
itvoering,uitvoering
jaandachtig,aandachtig
jebedoelt,je bedoelt
jebrief,je brief
jevoorkomt,je voorkomt
jeweetwel,je weet wel
Jewilt,je wilt
jezef,jezelf
jezejf,jezelf
jezeld,jezelf
jezlf,jezelf
jjuist,juist
jmondelinge,mondelinge
jouwkunnen,jouw kunnen
juis,juist
kalchten,klachten
kamergenooten,kamergenoten
kanhet,kan het
kenis,kennis
kenmaar,kenbaar
Kennisgebrek,gebrek aan kennis
Kennisnuvivo,kennisnivo
kennnis,kennis
kennus,kennis
kinisch,klinisch
kitisch,kritisch
kjikt,kijkt
KLaar,klaar
klachtn,klachten
klassificatie,classificatie
kledingsinstructies,kledinginstructies
kleedvoorschriften,kledingvoorschriften
kleindkinderen,kleinkinderen
klinishc,klinisch
klinsich,klinisch
kljnisvh,klinisch
klnisch,klinisch
klnische,klinische
Klusteren,clusteren
knakpunt,breekpunt
knieen,knieën
kollega,collega
kollegas,collega's
kommas,komma's
kompact,compact
KOmt,komt
kondigd,kondigt
kontact,contact
kontakt,contact
kopieen,kopieën
Kopiëer,kopieer
kopieerd,kopieert
kopieeren,kopiëren
kopieëren,kopiëren
kopieren,kopiëren
kopjevoorgeschiedenis,kopje voorgeschiedenis
KOrt,kort
kortbondig,kort bondig
kortdater,kordater
kortdurende,kort durende
kortoverleg,kort overleg
kortre,korter
kortt,kort
kortwerkende,kort werkende
krachitg,krachtig
krachting,krachtig
krditisch,kritisch
krigen,krijgen
kriijgen,krijgen
krijegn,krijgen
krijgtJe,krijgt je
Kristisch,kritisch
kriteik,kritiek
kritiekpuntje,kritiek puntje
kritike,kritiek
kritisich,kritisch
kritisvh,kritisch
krititsche,kritische
kritsch,kritisch
Kritsisch,kritisch
kritusch,kritisch
krtisch,kritisch
kulturele,culturele
kunen,kunnen
kunenn,kunnen
kunnenopen,kunnen open
kunnne,kunnen
kuntavst,kunt vast
kuntovlgen,kunt volgen
kwaetsbare,kwetsbare
Kwalietiten,kwaliteiten
kwalilteit,kwaliteit
kwalitiet,kwaliteit
kwetbare,kwetsbare
kwlaiteit,kwaliteit
laagcomplexe,laag complexe
laaginschat,laag inschat
laagopgeleide,laag opgeleide
laatanderen,laat anderen
laatse,laatste
labonderzoeke,labonderzoeken
laboratoriumitslagen,laboratoriumuitslagen
labratorium,laboratorium
langdrading,langdradig
langduring,langdurig
langliggen,lang liggen
langliggende,lang liggende
langsgaat,langs gaat
langsgeweest,langs geweest
lasting,lastig
latemn,laten
latterlijk,letterlijk
leedoelen,leerdoelen
leegierig,leergierig
leeproces,leerproces
leepunten,leerpunten
leerdeol,leerdoel
leerdoele,leerdoelen
leerdoelgesprekken,leerdoel gesprekken
leerdoellijst,leerdoel lijst
leergeerheid,leergierigheid
leergeirig,leergierig
leergerig,leergierige
leergerige,leergierige
leergerigheid,leergierigheid
leerggierig,leergierig
Leergieirg,leergierig
Leergiereig,leergierig
leergieri,leergierig
leergierieg,leergierig
leergieriheid,leergierigheid
leergiering,leergierig
leergietig,leergierig
leergietige,leergierig
leergoerig,leergierig
leerierig,leergierig
leering,lering
leerkurve,leercurve
leerlierig,leergierig
leermoementen,leermomenten
Leeropen,leer open
leeropenheid,leergierigheid
leerputn,leerpunt
leerrgierig,leergierig
leersfeer,leer sfeer
leerzaams,leerzaam
leesvriendelijker,lees vriendelijker
leguit,let uit
lergierige,leergierige
lettelrijk,letterlijk
letterlijkwat,letterlijk wat
levenstijl,levensstijl
licahemlijk,lichamelijk
lichamelij,lichamelijk
lichamelijkonderzoek,lichamelijk onderzoek
lichameljk,lichamelijk
lichamenlijk,lichamelijk
lichamlijk,lichamelijk
lichemlijk,lichamelijk
liegriergig,leergierig
Liergerige,leergierig
liergering,leergierig
liergierig,leergierig
liergierige,leergierige
liergiering,leergierig
lijkthet,lijkt het
lijstjesafwerking,lijstjes-afwerking
lijtk,lijkt
limburgs,Limburgs
limburgse,Limburgse
limitaties,beperkingen
littkens,littekens
llercurve,leercurve
localisatie,lokalisatie
logsiche,logische
lokatie,locatie
loskoppellen,loskoppelen
luieternd,luisterend
luisterd,luistert
Luisterede,luisterde
luisternen,luisteren
Maaarrr,Maar
maaktje,maakt je
maareen,maar een
maarhad,maar had
Maarja,maar ja
maartoch,maar toch
maastricht,Maastricht
maastrichts,Maastrichts
maatschappeliojke,maatschappelijke
magGaat,mag. Gaat
makenProbeer,maken. Probeer
makkelijekr,makkerlijker
makkelijkerGewoon,makkelijker. Gewoon
makkelijks,makkelijkst
makkelijskte,makkelijkste
makkerlijk,makkelijk
makkerlijker,makkelijker
managenent,management
managment,management
mangement,management
maniet,manier
mannier,manier
maxmaal,maximaal
mebrengen,meebrengen
mecahnismen,mechanismen
medebeahndelaars,medebehandelaars
medebehandelaar,medebehandelaar
Medebehandelaars,medebehandelaars
medebeoordeeld,mede beoordeeld
medebeoordeling,mede beoodeling
medeblijdschap,mede blijdschap
medelevend,meelevend
medich,medisch
medikatie,medicatie
medischcontact,medisch contact
MEdische,Medische
meditatieveranderingen,medicatieveranderingen
Medsich,medisch
medwerkers,medewerkers
meededelen,mededelen
meedenk,mee denk
meedere,meerdere
meedraaide,mee draaide
meegemaatk,meegemaakt
meegewassen,mee gewassen
meegleopen,meegelopen
meekijk,mee kijk
meelven,meeleven
meerdermaals,meermaals
meerdoor,meer door
meeresoneren,mee resoneren
meesparren,mee sparren
meetsinstrument,meetinstrument
meetypen,mee typen
meevaar,mee vaar
meidsch,medisch
meot,moet
merknaman,merknamen
merktbaar,merkbaar
merktte,merkte
mét,met
metname,met name
metovldoende,met voldoende
metovlledige,met volledige
mevr,mevrouw
mijnsinziens,mijns inziens
mijnzelf,mijzelf
mindr,minder
mischien,misschien
miscshien,misschien
mjjn,mijn
mn,mijn
mnaken,maken
mnd,maand
moeglijk,mogelijk
moeielijk,moeilijk
moeiijke,moeilijke
moeiiljk,moeilijk
moeijlijk,moeilijk
moeiljik,moeilijk
moelijk,moeilijk
moelijke,moeilijke
moelijker,moeilijker
moelijkere,moeilijkere
moelijkheden,moeilijkheden
moementen,momenten
moemnt,moment
moete,moeten
moetebn,moeten
móéten,moeten
moetovlgen,moet volgen
moeuilijk,moeilijk
mogelijkheud,mogelijkheid
Mogelijks,mogelijk
mogelijks,mogeljk
mogelijl,mogelijk
mogeljik,mogelijk
moglijk,mogelijk
momente,momenten
momentne,momenten
momneten,momenten
mondelijk,mondeling
mondelijke,mondelinge
mondelijng,mondeling
mondelingen,mondelinge
mondellinge,mondelinge
mondeloinge,mondelinge
monderling,onderling
mondleinge,mondelinge
monotoom,monotoon
Mooeie,Mooie
motiveerd,motiveert
mrt,maart
msschn,misschien
mtb,mbt
naaald,naald
naar verwachting,volgens verwachting
naarÂ,naar
naarhaast,naar haast
naarof,naar of
náást,naast
nabepsreken,nabespreken
naief,naïef
naijkenen,nakijken
naratief,narratief
naturlijke,natuurlijke
natuurlije,natuurlijke
NAtuurlijke,natuurlijke
nauwelijk,nauwelijks
navolgiong,navolging
nederland,Nederland
nederlands,Nederlands
nederlandse,Nederlandse
neercshrijft,neer schrijft
neeskunen,geneeskunde
neit,niet
neiuwe,nieuwe
neiwue,nieuwe
nerbeterpunten,verbeterpunten
nét,net
netjs,netjes
nettepresentatie,nette presentatie
neutralerer,neutraler
NIet,niet
níet,niet
níét,niet
nietavst,niet alvast
nietgescannt,niet gescant
nietheeft,niet heeft
nietovldoende,niet voldoende
nietovorspelbaar,niet voorspelbaar
nietpluis,niet pluis
nieuwgierig,nieuwsgierig
nieuwschierig,nieuwsgierig
nieuwschierigheid,nieuwsgierigheid
nieweling,nieuweling
nieweu,nieuw
Niewschierig,nieuwsgierig
niewsgierig,nieuwsgierig
nitiatief,initiatief
nivea,niveau
nivo,niveau
nmen,nemen
nniet,niet
nochalant,nonchalant
nodelooos,nodeloos
nodg,nodig
nodi,nodig
nodug,nodig
noeme,noemen
noghandig,nog handig
nogmaal,nogmaals
nogniet,nog niet
nogonzeker,nog onzeker
nonchelant,nonchalant
nonchelante,nonchalante
nonverbaal,non-verbaal
non verbaal,non-verbaal
nooitovrantwoorde,nooit verantwoorde
normaalgesproken,normaal gesproken
nornmaal,normaal
noterennvt,noteren nvt
noverzichtelijker,overzichtelijker
nsymptomen,symptomen
nteresseerd,interesseert
ntweede,tweede
nú,nu
nVraag,vraag
nvtnvt,nvt nvt
nvtr,nvt
nwaar,waar
ocmmunicatieve,communicatieve
oderscheiding,onderscheiding
odnerwerp,onderwerp
odnerzoek,onderzoek
odnerzoeksinfo,onderzoeksinfo
oefenene,oefenen
oefenenen,oefenen
oefenens,oefenen
oefenningen,oefeningen
oersoneel,personeel
oevr,over
oevrwegingen,overwegingen
óf,of
ofenen,oefenen
Officeel,officieel
officiele,officiële
oftwel,oftewel
ofzo,of zo
OKAY,okay
Oke,oke
omagng,omgang
Omdanks,ondanks
omfeedback,om feedback
omgamg,omgang
omgan,omgaan
omgansgvorm,omgangsvorm
omgewing,omgeving
omkan,om kan
omngemakkelijk,ongemakkelijk
ompetenties,competenties
omschijving,omschrijving
omschrvijen,omschrijven
omslagtig,omslachtig
omte,om te
omtrend,omtrent
onbevagen,onbevangen
onbreekt,ontbreekt
onbrekende,ontbrekende
oncobesrpekingen,oncobesprekingen
Ondaknks,ondanks
ondansk,ondanks
onderbehandeling,onder behandeling
onderbrekig,onderbreking
ondergemiddeld,onder gemiddeld
onderhet,onder het
onderpresteer,onder presteer
onderscheden,onderscheiden
onderschijden,onderscheiden
ondersneeuwd,ondersneeuwt
ondersteundend, ondersteunend
onderstuend,ondersteund
ondersupervisie,onder supervisie
onderszoeksresulatten,onderzoeksresultaten
ondertekenenen,ondertekenen
onderuitgaat,onderuit gaat
onderuitgezakte,onderuit gezakte
ondervedeling,onderverdeling
onderzekerheid,onzekerheid
onderzeoek,onderzoek
onderzeok,onderzoek
onderzoeem,onderzoek
onderzoeik,onderzoek
onderzoeks,onderzoek
onderzoeksaangelegnheden,onderzoeksaangelegenheden
onderzoeok,onderzoek
onderzoesbevindingen,onderzoeksbevindingen
ondezoek,onderzoek
ondscheiden,onderscheiden
onduidleijkheden,onduidelijkheden
onedrzoek,onderzoek
oneervaren,onervaren
onenthousiast,niet enthousiast
onerzoek,onderzoek
ongecomplcieerde,ongecompliceerde
ongecompliceed,ongecompliceerd
ONgecompliceerde,ongecompliceerde
ongedisciplneerd,ongedisciplineerd
Ongeïntereseerde,ongeïnteresseerde
ongeinteresseerd,ongeïnteresseerd
ongeinteresseerde,ongeïnteresseerde
ongeinterreseerd,ongeïnteresseerd
ongeinterresseerd,ongeïnteresseerd
ongeintreseerd,ongeïnteresseerd
ongeïntresserd,ongeïnteresseerd
ongeitereseerde,ongeïnteresseerde
ongemakt,ongemak
ongeoon,ongewoon
ongeoordend,ongeordend
ongewoons,ongewoon
oninteresse,desinteresse
onïnteresseerd,ongeïnteresseerd
onintressantere,niet interessantere
oninvoelbare,niet invoelbare
onmiddelijk,onmiddellijk
onnnosig,onnodig
onnuttige,niet nuttige
onoordelende,niet oordelende
onoverkoombare,onoverkomelijk
onproffesioneel,onprofessioneel
onrelevante,niet relevante
onrtbreekt,ontbreekt
onslag,ontslag
onslagen,ontslagen
onstaat,ontstaat
onstekingskenmerken,ontstekingskenmerken
onstlag,ontslag
onsuccesvolle,niet succesvolle
ontbreeKt,ontbreekt
ontbreektbij,ontbreekt bij
Onthou,onthoud
ontlslagbrief,ontslagbrief
ontlslagen,ontslagen
ontploiien,ontplooien
ontrustende,verontrustende
ontseking,ontstekingskenmerken
ontskagen,ontslagen
ontslabrief,ontslagbrief
ontslagbierd,ontslagbrief
ontslagbrie,ontslagbrief
ontslagbried,ontslagbrief
ontspanne,ontspannen
ontstpannen,ontspannen
ontwikellen,ontwikkelen
ontwikkelend,ontwikkelend
Ontwikkellt,ontwikkelt
ontwikkleing,ontwikkeling
ONvoldoende,onvoldoende
onwenning,onwennig
onwikkelde,ontwikkelde
onzekerhied,onzekerheid
onzerkerheid,onzekerheid
onzettend,ontzettend
ooK,ook
ookal,ook al
Ooktijdens,ook tijdens
ookwel,ook wel
oontact,contact
oop,op
Oopen,open
oorbeeld,voorbeeld
opÂ,op
opÃ,op
opaname,opname
opatiënten,patiënten
opbouwe,opbouwen
opdringering,opdringerig
opegschreven,opgeschreven
opegsteld,opgesteld
opemrkingen,opmerkingen
opendag,open dag
opene,openen
openener,opener
openere,meer open
openhouding,open houding
openliggende,open liggende
openstel,open stel
openstelt,open stelt
openvolging,opeenvolging
openvragen,open vragen
operatiue,operatie
opereerd,opereert
opgeallen,opgevallen
opgeblazengevoel,opgeblazen gevoel
opgebowud,opgebouwd
opgelosd,opgelost
opgeschoont,opgeschoond
opgeschren,opgeschreven
opgeschrijven,opgeschreven
opgesschreven,opgeschreven
opgevolgt,opgevolgd
opjouw,op jouw
opleideling,opleiding
opleidelingen,opleidingen
opleindgsniveau,opleidingsniveau
oplucthing,opluchting
opm,opmerking
opmekingen,opmerkingen
opmerkengen,opmerkingen
opmerkign,opmerking
opmerkingeb,opmerkingen
opmerkinkjes,opmerkingen
opmezelf,op mezelf
opmkeringen,opmerkingen
opnderzoek,onderzoek
opne,open
opschrijftavrens,opschrijft alvorens
opschrjven,opschrijven
opsteld,opstelt
opte,op te
optelossen,op te lossen
optijd,op tijd
optimisch,optimistisch
optstelling,opstelling
optteedt,optreedt
opvoling,opvolging
opzich,op zich
opzouken,opzoeken
oragnisator,organisator
orderlijk,ordelijk
orgineel,origineel
orgnisatiorische,organisatorische
orientatie,oriëntatie
orienteert,oriënteert
orienteren,oriënteren
ovedracht,overdracht
overbregen,overbrengen
overdagen,overdragen
overdarcht,overdracht
overdiagnostiek,over diagnostiek
overdracgt,overdracht
OVerdracht,overdracht
overdrachtis,overdracht is
overdrachtmomenten,overdrachtsmomenten
overdrachtovldoende,overdracht voldoende
overdract,overdracht
overdrag,overdracht
overdrageb,overdragen
overdragem,overdragen
overdraginen,overdrachten
overdraging,overdracht
overdraht,overdracht
overdrgen,overdragen
overekomende,overkomende
overgelsagen,overgeslagen
overgesproken,over gesproken
overizcht,overzicht
overizchtelijkheid,overzichtelijkheid
overkomne,overkomen
overleiden,overlijden
overmattige,overmatige
overna,over na
overracht,overdracht
overschreidt,overschrijdt
overtillen,over tillen
overtuigder,overtuigender
oververzekert,oververzekerd
overvolledig,over volledig
overwachte,onverwachte
overwegiengen,onverwegingen
overzichelijker,overzichelijker
overzichterlijk,overzichtelijk
overzichtlelijk,overzichtelijk
overzichtrelijk,overzichtelijk
overzict,overzicht
ovezicht,overzicht
ovredracht,overdracht
oZorgplan,zorgplan
paiënt,patiënt
paierpen,papieren
pakjaren,pak jaren
paktische,praktische
paliatieve,palliatieve
pantient,patiënt
pantiënt,patiënt
papierendossier,papieren dossier
papierenvisite,papieren visite
paranoide,paranoïde
paratekennis,parate kennis
parktijk,praktijk
participeerd,participeert
partiele,partiële
paseerbare,passeerbare
pasend,passend
pasende,passende
pat.,patiënt
pt.,patiënt
Pate.,patiënt
pateient,patiënt
pateint,patiënt
pateinte,patiënte
pateinten,patiënten
pateintencontact,patiëntencontact
patënt,patiënt
patentcasussen,patiëntcasussen
patentconsult,patiëntconsult
patentcontacten,patiëntcontacten
patënten,patiënten
patentencategorie,patiëntencategorie
patentgegevens,patiëntgegevens
patentinfo,patiëntinformatie
patentpresentatie,patiëntpresentatie
pati,patiënt
patiebnte,patiënten
Patien,patiënt
patiën,patiënt
patiënencontact,patiëntencontact
patiënet,patiënten
patiënnten,patiënten
patient,patiënt
Patient,patiënt
patíënt,patiënt
patiëntaves,patiënt aves
patiëntavrens,patiënt avrens
patiëntavseren,patiënt avseren
patiëntavst,patiënt avst
patiëntb,patiënt
patiëntcasuistiek,patiëntcasuïstiek
Patientcontacten,patiëntcontacten
Patiente,patiënt
patiëntecasussen,patiëntcasussen
patiëntein,patiënten
Patienten,patiënten
patiËnten,patiënten
patíënten,patiënten
patïënten,patiënten
Patientenbrief,patiëntenbrief
patiëntenbrieven,patiëntenbrieven
patiëntencassusen,patiëntencasussen
patiëntencassussen,patiëntencasussen
patiëntencasuistiek,patiëntencasuïstiek
Patientencasus,patiëntencasus
patiëntencommunicatie,patiënten communicatie
Patientencontact,patiëntcontact
Patientencontacten,patiëntcontacten
patiëntencsussen,patiëntencasussen
patiëntene,patiënten
patiëntenfeedback,patiënten feedback
patiëntenmerken,patiënten merken
patiëntenniveau,patiënten niveau
patiëntenoverdragen,patiënten overdragen
Patientenoverleg,patiëntenoverleg
Patientenpresentatie,patiëntpresentatie
patiëntenpresentaties,patiëntpresentaties
patiënteoverdracht,patiëntenoverdracht
patiëntes,patiënten
Patientgegevens,patiëntgegevens
Patientgericht,patiëntgericht
Patientgerichtheid,patiëntgerichtheid
patiënthebben,patiënt hebben
patiëntinfo,patiënt informatie
patiëntinzicht,patiënt inzicht
patiëntje,patiënt
patiëntjes,patiënten
patiëntl,patiënt
patiëntLuistert,patiënt Luistert
patiëntne,patiënten
patiëntomgang,omgang met patiënten
patiëntOpen,patiënt Open
Patientoverdracht,patiëntoverdracht
Patientoverdrachten,patiëntoverdrachten
patiëntoverdrachten,patiëntoverdrachten
patiëntovrwacht,patiënt onverwacht
patiëntovrwachts,patiënt onverwacht
patiëntpresenaties,patiëntpresentaties
patiëntpresentatie,patiëntpresentatie
patiëntpresentaties,patiëntpresentaties
patiënts,patiënten
patiëntuitleg,uitleg aan patiënt
Patientvriendelijk,patiëntvriendelijk
patiëntvriendelijke,patiëntvriendelijke
patiëntzorg,patiëntenzorg
patiënvriendelijk,patiëntvriendelijk
patieten,patiënten
patietencontact,patiëntcontact
patietenzorg,patiëntenzorg
patietn,patiënt
patiëtn,patiënt
patietnen,patiënten
patiuenetn,patiënten
patuient,patiënt
patyiente,patiënten
pbuliek,publiek
perfectionisch,perfectionistisch
Perfectioniste,perfectioniste
permiteren,permitteren
perosneel,personeel
persé,per se
persee,per se
persisterens,persisterend
personaliseerdt,personaliseert
personlijk,persoonlijk
persoom,persoon
persoonelijk,persoonlijk
persoonlijheid,persoonlijkheid
persoonlijkheiidskenmerken,persoonlijkheidskenmerken
persoonljk,persoonlijk
persooonlijke,persoonlijke
pesoon,persoon
pijnstiiling,pijnstilling
pijstilling,pijnstilling
pirkken,prikken
plaatsinvinden,plaats vinden
plaatsting,plaatsing
plaatsvind,plaats vindt
plangericht,plan gericht
Pobeer,probeer
pobeert,probeert
Pofessioneel,professioneel
poliklniek,polikliniek
ponderzoek,onderzoek
porbeer,probeer
porbleem,probleem
positeive,positieve
positiev,positieve
posititie,positie
postieve,positieve
postitief,positief
Postitieve,Positieve
potenieel,potentieel
potentiele,potentiële
potientieel,potentieel
ppakken,pakken
ppunten,punten
praatsnelheid,snelheid van praten
prachteige,prachtige
practisch,praktisch
practische,praktische
praktijkondetsteuner,praktijkondersteuner
Praktish,praktisch
praktsiche,praktische
prbeer,probeer
prbleem,probleem
prebeer,probeer
preceis,precies
preciesaantal,precies aantal
precieser,preciezer
preciesie,precisie
preenteren,presenteren
preetig,prettig
Prersentatie,presentatie
presenatie,presentatie
presentaite,presentatie
presentate,presentatie
presentatief,representatief
presentatiehouding,presentatie houding
presentatiestijl,stijl van presenteren
presnetatie,presentatie
presntatie,presentatie
Pressioneel,professioneel
pretig,prettig
pretigste,prettigste
Pretiig,prettig
pretiige,prettige
pretting,prettig
pretttig,prettig
pretttige,prettige
prfessional,professional
prfessioneel,professioneel
pricavy,privacy
prinicpe,principe
prioreteren,prioriteren
prioriseren,prioriteren
prioteren,prioriteren
priotiteiten,prioriteiten
prive,privé
priveleven,privélevel
privesituatie,privésituatie
proacief,proactief
proacties,proactief
Proactievere,proactievere
proactiver,proactiver
proaktief,proactief
pro actief,proactief
pro actieve,proactieve
probeel,probeer
PRobeer,probeer
probeerd,probeert
probeerdt,probeert
Probeerhet,probeer het
probeerinformatiever,probeer informatiever
Probeerv,probeer
prober,probeer
Probere,probeer
proberern,proberen
proberne,proberen
probert,probeert
probleembpunten,probleem punten
probleemeigennaar,probleemeigenaar
probleemgeorienteeren,probleemgeoriënteerd
probleemminder,probleem minder
probleemopmschrijving,probleemomschrijving
probleer,probeer
problematief,problematisch
problemtiek,problematiek
problenmen,problemen
problmeen,problemen
probreer,probeer
procatieve,proactiver
proceduur,procedure
proefessioneel,professioneel
profecioneel,professioneel
profecionele,professionele
profeeional,professional
profeesioneel,professioneel
profesiionaliteit,professionaliteit
profesiomele,professionele
profesional,professional
profesionaliteit,professionaliteit
profesioneel,professioneel
profesionele,professionele
Profesionnele,professionele
profesnionele,professionele
professioenele,professionele
professionalistisch,professioneel
professionaliteitovlt,professionaliteit
professioneeel,professioneel
professioneele,professionele
professionel,professioneel
professionelr,professioneel
Professionieel,professioneel
Professionle,professioneel
professionleel,professioneel
professionoeel,professioneel
professiooneel,professioneel
professsionaliteit,professionaliteit
proffecioneel,professioneel
proffesional,professional
proffesioneel,professioneel
proffesionele,professionele
Proffesionele,professionele
proffesioneler,professioneler
proffessioneel,professioneel
proffessionele,professionele
Proffessionele,professionele
proffileren,profileren
profiteeren,profiteren
profressionele,professionele
programmas,programma's
proifessionele,professionele
prolifereren,profileren
protfolio,portfolio
prrettig,prettig
pt,patiënt
Pt,patiënt
pte,patiënt
pten,patiënten
ptient,patiënt
ptje,patiënt
ptn,patiënten
ptnt,patiënten
ptnte,patiënte
ptnten,patiënten
punstgewijs,puntsgewijs
punstgewijze,puntsgewijze
puntcueel,punctueel
puntgeweijs,puntsgewijs
puntgewijs,puntsgewijs
Puntgewijze,puntsgewijze
puntsgewijzer,meer puntsgewijs
puntueel,punctueel
Pyschiatrie,psychiatrie
pyschosociale,psycho-sociale
quantitatieve,kwantitatieve
raakteHij,raakte hij
ractie,reactie
radequaat,adequaat
randversierseltjes,randversieringen
raporteren,rapporteren
rbengen,brengen
rchting,richting
reageerd,reageert
reaktie,reactie
realieren,realiseren
realiseerd,realiseert
realistischere,meer realistische
realstische,realistische
realtievorming,relatievorming
Realtiveren,relativeren
reanimatiebeleid,reanimatie-beleid
Rechtopstaan,rechtop staan
rechtopzitten,rechtop zitten
rechtsstreeks,rechtstreeks
redelijkhip,redelijk hip
redenenen,redenen
redlijk,redelijk
reeden,reden
reedsbesproken,reeds besproken
reeel,reëel
reeële,reëele
reëele,reëele
reele,reëele
refelcteren,reflecteren
refelectie,reflectie
refelx,reflex
refelxie,reflexie
reflexie,reflectie
reflexteren,reflecteren
regelbevingen,regelgevingen
regelijk,redelijk
regenmatig,regelmatig
registereren,registreren
registreet,registreert
reglectie,reflectie
rekenening,rekening
relatieveren,relativeren
relavante,relevante
relavantie,relevantie
relaxe,relaxte
relaxt,relaxed
relaxter,meer relaxed
relecties,reflecties
relevantei,relevantie
relevanten,relevante
Relevate,relevante
relevent,relevant
relfecterend,reflecterend
relfectie,reflectie
Relflexie,reflectie
religeuze,religieuze
relvante,relevante
represenatiever,meer representatief
representatiever,meer representatief
reproducern,reproduceren
repsectvol,respectvol
rescpectvol,respectvol
resectvol,respectvol
resepctvol,respectvol
resepctvolle,respectvolle
resepect,respect
resepectvol,respectvol
resoectvolle,respectvolle
respectfuol,respectvol
respectol,respectvol
respectovol,respectvol
respectvolg,respectvol
respecvol,respectvol
respektvol,respectvol
resulaten,resultaten
rethorische,retorische
reustig,rustig
revalante,relevante
revelante,relevante
richtlijenen,richtlijnen
ringverwijdering,ring verwijdering
risicio,risico
risíco,risico
risicos,risico's
romeins,Romeins
roosteer,rooster
rpatiënt,patiënt
Rrepresentatief,representatief
rstandaard,standaard
ruimvoldoende,ruim voldoende
Ruistige,Rustige
rusitge,rustige
Rustighouding,rustige houding
rvagen,vragen
samanvatting,samenvatting
same,samen
samegewerkt,samen gewerkt
samenatting,samenvatting
samenevatting,samenvatting
samengezeten,samen gezeten
samengezien,samen gezien
samenleggen,samen leggen
samenvaten,samenvatten
samenvating,samenvatting
samenvattender,meer samenvattend
samenvattenderd,meer samenvattend
samenvattig,samenvatting
sammenhangend,samenhangend
sammenvattingen,samenvattingen
samnevatting,samenvatting
samnevattingen,samenvattingen
samnewerkend,samenwerkend
sanpte,snapte
schietren,schieten
schiftelijke,schriftelijke
schirjven,schrijven
Schoomt,schroomt
schrfitelijke,schriftelijke
schrifelijke,schriftelijke
SChriftelijk,schriftelijk
schriftijlijk,schriftelijk
schrijfstylen,schrijfstijlen
schrijftelijk,schriftelijk
schroomd,schroomt
sciaal,sociaal
seperaat,separaat
seperat,separaat
seperate,separate
sereius,serieus
sereus,serieus
serieur,serieus
serieze,serieuze
serius,serieus
Serke,sterke
sexuele,seksuele
shcat,schat
shriftelijk,schriftelijk
sierraden,sieraden
signale,signalen
sjacherijnig,chagrijning
slechtnieuws,slecht nieuws
slechtsnieuwsgesprekken,slechtnieuwsgesprekken
slehts,slechts
slordigheidsfouten,slordige fouten
smiddags,s middags
snelller,sneller
sochtends,s ochtends
SOciaal,sociaal
sociaalniveau,sociaal niveau
soepelpresentatie,SOEPEL presentatie
soiaal,sociaal
somswat,soms wat
somtische,somatische
spanmningen,spanningen
spanned,spannend
spcieel,specieel
spcifieker,specifieker
spé,spe
specalist,specialist
specefieke,specifieke
specialisen,specialisten
specialistmen,specialismen
specialsiten,specialisten
specialst,specialist
speciefiek,specifiek
speciefieke,specifieke
speciele,speciële
specificiëren,specificeren
specifieer,specificeer
Specifiekpunt,specifiek punt
specifieren,specificeren
specilaistisceh,specialistische
speciliast,specialist
speicalisten,specialisten
spelfouut,spelfout
spiekbreiven,spiekbrieven
SPontaan,Spontaan
spontante,spontane
sportgerelateerde,sport gerelateerde
spraaktempo,spreektempo
Spreekktempo,Spreektempo
sprekuur,spreek uur
spuitzetten,spuit zetten
sresultaten,resultaten
srtuctuur,structuur
stacato,staccato
stacatto,staccato
staffleden,stafleden
stagebeleider,stagebegeleider
stamceltransplantatiesheb,stamceltransplantaties heb
standaar,standaard
standaarddocumenten,standaard document
standaardinformatie,standaard informatie
standaardrijtje,standaard rijtje
Standaart,Standaard
stapgewijs,stapsgewijs
startzin,start zin
statestiek,statistiek
statistiekbron,statistiek bron
stbiliteit,stabiliteit
steesd,steeds
stekre,sterke
stellenminder,stellen minder
sterkes,sterktes
sterktepunt,sterk punt
stijle,stijlen
stimuleerd,stimuleert
stjil,stijl
stomabij,stoma bij
straatlt,straalt
strategieen,strategieën
strcutureren,structureren
strcutuur,structuur
streefniveau,streef niveau
streefnivo,streef niveau
strektes,sterktes
strerke,sterkte
stressful,stres
stressing,stressing
stressmanagement,stresmanagement
stressmomenten,stresmomenten
stresst,strest
stressvolle,stresvolle
stresvolle,stressvolle
stresvolle,stresvolle
strict,strikt
stricte,strikte
stricter,strikter
strictheid,striktheid
striktgenomen,strikt genomen
strucktuur,structuur
structeren,structureren
structren,strutureren
structureler,meer structureel
structuru,structuur
structuut,structuur
Strucuur,Structuur
struktureel,structureel
struktuur,structuur
stuctuur,structuur
studentovldoende,student voldoende
studieuren,studie uren
stuimuleert,stimuleert
stukke,stukken
sturctuur,structuur
succesen,successen
sugestieve,suggestieve
suggereerd,suggereert
suggesies,suggesties
sugggesties,suggesties
suicidaliteit,suïcidaliteit
suicide,suïde
sumier,summier
superbetrokken,super betrokken
supergoed,super goed
supergoede,super goede
superleergierig,super leergierig
superleuk,super leuk
Supernetjes,super netjes
superpositief,super positief
supervisiemomenten,supervisie momenten
supervisorÂ,supervisor
supervlot,super vlot
supervriendelijke,super vriendelijke
supevisie,supervisie
supgroepen,subgroepen
sympatheike,sympathieke
Sympatieke,sympathieke
symstematisch,systematisch
symtoom,symptoom
syncrhoon,synchroon
systematisc,systematisch
systematischere,meer systematische
systematsich,systematisch
systimatische,systematische
sytematisch,systematisch
taakgebruik,taalgebruik
taalbariere,taalbarrière
taalbarri,taalbarrière
taalbarrier,taalbarrière
taalbarriere,taalbarrière
taalbarriére,taalbarrière
taalbarriëre,taalbarrière
taalbebruik,taalgebruik
taalgeberuik,taalgebruik
taalgebreuk,taalgebruik
taalgebruk,taalgebruik
takkelen,tackelen
taktische,tactische
Talgebruik,taalgebruik
teamplaye,teamplayer
Teamplayer,teamplayer
teamsleden,teamleden
teamspele,teamspeler
teamspeller,teamspeler
techiek,techniek
technologiën,technologieën
tecniek,techniek
tegeleijk,tegelijk
tegenkan,tegen kan
tegenlijk,tegelijk
tegenmoet,tegen moet
tegensalgen,tegenslagen
tegerlijk,tegelijk
tegeven,te geven
teglijk,tegelijk
tegn,tegen
tegneover,tegenover
tehouden,te houden
teinformeren,te informeren
tektst,tekst
tenemen,te nemen
teoretisch,theoretisch
terdegen,ter dege
Terminolgie,Terminologie
terugbelden,terug belden
teruggekoppelt,teruggekoppeld
teruggemailde,terug gemailde
teruggezocht,terug gezocht
teruggkoppeld,terug gekoppeld
terughoudens,terughoudend
terugin,terug in
Terugkijkende,terug kijkende
terugkijkt,terug kijkt
terugkoppeld,terug koppelt
terugrapportage,terug rapportage
terugrapporteer,terug rapporteer
terugvertaald,terug vertaald
terwjil,terwijl
terzake,ter zake
TEveel,te veel
teveelinformatie,te veel informatie
tevereden,tevreden
tevinden,te vinden
tevrede,tevreden
teweinig,te weinig
teweten,te weten
tewoord,te woord
textopbouw,tekstopbouw
textuele,tekstuele
tezeer,te zeer
tezetten,te zetten
tfeedback,feedback
theoretishc,theoretisch
therapien,therapieën
therepeutische,therapeutsiche
therpaie,therapie
tiempo,tempo
tijdbeperking,tijdsbeperking
tijddruk,tijdsdruk
tijdefficientie,tijdsefficiëntie
tijdems,tijdens
tijdes,tijdens
tijdgebruik,tijd gebruik
tijdmanagment,tijdmanagement
tijdsefficient,tijdefficiënt
tijdsmanagement,tijdmanagement
tijdsnood,tijdnood
tijdsperk,tijdperk
tijdsproblemen,tijdproblemen
tijdsverdeling,tijdverdeling
tijdug,tijdig
timemangement,tijdmanagement
tjidens,tijdens
tmedische,medische
TMEniet,TME niet
tming,timing
tóch,toch
todat,totdat
toegangkelijk,toegankelijk
toegangkelijkheid,toegankelijkheid
toegespits,toegespitst
toegeveoegd,toegevoegd
toegevoegen,toevoegen
Toegeweid,toegewijd
toegpast,toegepast
toekmost,toekomst
toekoms,toekomst
toekomstgerichten,toekomst gerichte
toelomstige,toekomstige
toenaderbaar,benaderbaar
toetevoegen,toe te voegen
toevoegd,toevoegt
tovallig,toevallig
toveerdere,toverde
transparenter,transparanter
trukjes,trucjes
truth,trucjes
tsappen,stappen
tussne,tussen
tutoieren,tutoyeren
Tuurlijk,natuurlijk
tvertellen,vertellen
tweeen,tweeën
twijfeld,twijfelt
twijffel,twijfel
twijvel,twijfel
twjifelt,twijfelt
typfout,typefout
typfouten,typefouten
Typfoutjes,typefoutjes
typsnelheid,type snelheid
uberhaubt,überhaupt
uberhaupt,überhaupt
Uigebreid,Uitgebreid
uikomst,uitkomst
uiot,uit
uirstraling,uitstraling
uischrijven,uitschrijven
uislag,uitslag
uistekend,uitstekend
Uistekende,uitstekende
uistraling,uitstraling
uistslagen,uitslagen
uitbegreid,uitgebreid
uitbegreider,meer uitgebreid
uitbereiden,uitbreiden
uitdagender,meer uitdagend
uitdaginging,uitdaging
uitdeeld,uitdeelt
uiteg,uitleg
Uitegebreide,Uitgebreide
uitegebreider,meer uitgebreid
Uitegebreidere,Meer uitgebreide
uitegwerkt,uitgewerkt
UIteindelijk,uiteindelijk
uiteinidelijk,uiteindelijk
uitelijk,uiterlijk
uitelijke,uiterlijke
uiterest,uiterst
uiterijke,uiterlijke
uiterlijek,uiterlijke
UIterlijke,uiterlijke
uiterljike,uiterlijke
uitermaat,uitermate
uitewerkt,uitgewerkt
uitgangshouding,startpositie
uitgebeide,uitgebreide
uitgebeider,meer uitgebreid
uitgebreidde,uitgebreide
UItgebreide,uitgebreide
UItgebreidere,Meer uitgebreide
uitgebreiderGebruik,Meer uitgebreid Gebruik
uitgebreidt,Uitgebreide
uitgebried,Uitgebreide
uitgeprintte,geprinte
uitgevraad,uitgevraagd
uitgevraagt,uitgevraagd
uitgewetrkt,uitgewerkt
uitgewijdt,uitgewijd
uitgrebeid,uitgebreid
uitgschreven,uitgeschreven
uithelpen,uit huelpen
uitlag,uitslag
UItleg,uitleg
uitlegd,uitlegt
uitlokkend,uitlokkend
uitlslagen,uitslagen
uitmintend,uitmuntend
uitmuttende,uitmuntende
uitnodigd,uitnodigt
uitnodignende,uitnodigende
uitschijven,uitschrijven
uitschrijvenmet,uitschrijven met
uitslgen,uitslagen
uitsluitings,uistluiting
uitsraling,uitstraling
uitsrlane,uitstralen
uitsrtalend,uitstralend
uitsrtraling,uitstraling
uitstarling,uitstraling
uitstpreken,uitspreken
uitten,uiten
uitvoerd,uitvoert
uitvoere,uitvoeren
UItvoerige,uitvoerige
uitvrtagen,uitvragen
uitwijden,uitweiden
uitwijdingen,uitweidingen
uitwijdt,uitweidt
upgeload,geüpload
upgeloade,geüploade
uptodate,up-to-date
uti,uit
utistraling,uitstraling
utivoeren,uitvoeren
utrecht,Utrecht
vaaak,vaak
vaardigenheden,vaardigheden
vaardigheded,vaardigheden
vaardigheiden,vaardigheden
vaask,vaak
valkluilen,valkuilen
valkuin,valkuil
vanalles,van alles
vandaaruit,van daaruit
vande,van de
vanenthousiasme,van enthousiasme
vanhieruit,van hieruit
vantevoren,van tevoren
vanuti,vanuit
vanvoor,van voor
vanwie,van wie
vanzelfspreken,vanzelfsprekend
vargen,vragen
varhaal,verhaal
varieren,variëren
varierend,variërend
vazlef,vanzelf
veantwoording,verantwoording
veband,verband
Vebeter,verbeter
vebeteren,verbetern
vebeterpunten,verbeterpunten
vebonden,verbonden
veeel,veel
vegroot,vergroot
vekrijgen,verkrijgen
veliig,veilig
veloopt,verloopt
vemeld,vermeld
Veplaatst,verplaatst
vepleging,verpleging
verandereing,verandering
veranderne,veranderen
verantwoodelijk,verantwoordelijk
verantwoodelijkheid,verantwoordelijkheid
verantwoordeleijkheid,verantwoordelijkheid
verantwoordelijkeheid,verantwoordelijkheid
verantwoordelijkheiden,verantwoordelijkheden
verantwoordelijkheidsgeveol,verantwoordelijkheidsgevoel
verantwoordelijkheuid,verantwoordelijkheid
verantwoordelijkhheden,verantwoordelijkheden
verantwoordelijksgevoel,verantwoordelijksheidsgevoel
verantwoordelikheid,verantwoordelijkheid
verantwoordeljikheid,verantwoordelijkheid
verantwoordeljk,verantwoordelijke
verantwoordheid,verantwoordelijkheid
Verantwoordleijke,verantwoordelijke
verantwoordleijkheid,verantwoordelijkheid
verantwoordlijkheden,verantwoordelijkheden
verantwoordlijkheid,verantwoordelijkheid
verantwoordlijkheidsgevoel,verantwoordelijksheidsgevoel
verantwoordwoordelijkheid,verantwoordelijkheid
Verantwoorelijkheidsgevoel,verantwoordelijksheidsgevoel
verantwordelijkheid,verantwoordelijkheid
verantwording,verantwoording
veranwoordlijkheid,verantwoordelijkheid
veranwtoordelijk,verantwoordelijk
veranwtwoordelijk,verantwoordelijk
verberen,verbeteren
verberterd,verbeterd
verberteringsstappen,stappen ter verbetering
verbeterdpunten,verbeterpunten
verbeterenin,verbetern in
verbeterepunten,verbeterpunten
verbeteringenn,verbeteringen
verbeteringspunten,verbeterpunten
verbeterinspunten,verbeterpunten
verbetern,verbeteren
verbeterpnten,verbeterpunten
verbeterpubten,verbeterpunten
Verbeterpunen,verbeterpunten
verbeterpunjet,verbeterpuntje
VErbeterpunten,verbeterpunten
verbterpunten,verbeterpunten
verdedinging,verdediging
verderbouwen,verder bouwen
verdergaat,verder gaat
verduideliking,verduidelijking
verdure,verduren
verebterpunten,verbeterpunten
verhaalende,verhalende
verhal,verhaal
vericht,verricht
verifieren,verifiëren
verlaglegging,verslaglegging
verledentijd,verleden tijd
verlijding,verleiding
verlooptovllend,verloopt opvallend
verlope,verlopen
vermeldenGeen,vermelden. Geen
vermeldwordt,vermeld wordt
vermidnert,vermindert
vermijderen,vermijden
vermindere,verminderen
Vermoeiheid,vermoeidheid
vermoenem,vernoemen
vermorgen,vermogen
vernaderen,veranderen
vernatwoordelijkheid,verantwoordleijkheid
vernatwoordijke,verantwoordelijke
Verneldt,Vermeldt
vernogen,vermogen
verntwoordelijkheid,verantwoordelijkheid
verontschuodiging,verontschuldiging
verotruwens,vertrouwen
verpleegdkundigen,verpleegkundigen
verpleegend,verplegend
verpleeging,verpleging
verpleegkhndig,verpleegkundig
verpleegkundiegn,verpleegkundigen
verplk,verpleegkunde
verplkeegkundige,verpleegkundige
verplkeegkundigen,verpleegkundigen
verrichtoveen,verricht oveen
verscheidende,verschillende
verschillendde,verschillende
verschillene,verschillende
vershillende,verschillende
verslachtlegging,verslaglegging
verslagging,verslag legging
Verslagglegging,verslaglegging
Verslagkegging,verslaglegging
verslagleggin,verslaglegging
verslagleging,verslaglegging
verslagligging,verlsag legging
verstan,verstaan
vertouwde,vertrouwde
vertouwen,vertrouwen
vertrouwbare,betrouwbare
Vertrouwenswekkend,vertrouwenwekend
vertrouwenswekkende,vertrouwenwekkende
vertrowuen,vertrouwen
vervachtingen,verwachtingen
vervoldconsulten,vervolgconsulten
verwachtt,verwacht
verwantwoordelijkeid,verantwoordelijkheid
verwantwoordelijkheid,verantwoordelijkheid
Verwantwoordelijkheidsgevoel,verantwoordelijkheidsgevoel
verwarrender,meer verwarrend
verwmijdt,vermijdt
VErzamelen,verzamelen
Verzekeerd,verzekerd
verzekerder,zekerder
verzorgder,meer verzorgd
verzoring,verzorging
veschillende,verschillende
veslaglegging,verslag legging
vestrekte,verstrekte
vetrouwen,vertrouwen
vevolgens,vervolgens
vevrolgbeleid,vervolgbeleid
vewachten,verwachten
vezorgd,verzorgd
vezorging,verzorging
Villedigheid,Volledigheid
visiste,visite
visitelopen,visite lopen
visitie,visite
visities,visites
vistite,visite
vlaams,Vlaams
vlaamse,Vlaamse
vlekkenloos,vlekkeloos
vnl,voornamelijk
voele,voelen
voerenhele,voeren hele
vogende,volgende
Voglende,volgende
voglens,volgens
voldeonde,voldoende
voledig,volledig
voledige,volledige
Voleldig,volledig
voleldige,volledige
voleldigeheid,volledigheid
volgbaar,te volgen
volgense,volgende
volgensmij,volgens mij
volgenss,volgens
volgnede,volgende
Volgtavezen,volgt avezen
Volldig,volledig
Volleddigheid,volledigheid
volledheid,volledigheid
volledî,volledig
volledif,volledig
VOlledig,volledig
volledigere,meer volledig
volledigzelfstandig,volledig zelfstandig
volledih,volledig
vollegende,volgende
vollegid,volledig
Volleidig,volledig
Volleidigheid,volledigheid
volliggen,vol liggen
vollledig,volledig
vollop,volop
volluit,voluit
Volwasen,volwassen
VOnd,vond
Vooafgaand,voorafgaand
vooal,vooral
voogrond,voorgrond
vooledige,volledige
vooor,voor
vooorruit,vooruit
vooraL,vooral
Vooralsnu,voor als nu
voorbeelds,voorbeeld
voorbereidng,voorbereiding
voorbespreekt,voor bespreekt
voorbespreken,voor bespreken
voorbesproken,voor besproken
voorbijrent,voorbij rent
voorbijtegaan,voorbij te gaan
voorbvereidng,voorbereiding
voorchtig,voorzichtig
vóórdat,voordat
voorebereide,voorbereiden
voorgecshiedenis,voorgeschiedenis
voorgeoefend,voor geoefend
voorgeschidenis,voorgeschiedenis
voorgeschiedeis,voorgeschiedenis
voorgeschiedenies,voorgeschiedenis
voorgeschiedenig,voorgeschiedenis
voorgeschiedenissen,voorgeschiedenissen
Voorgeschiedneis,voorgeschiedenis
voorgeschienis,voorgeschiedenis
voorgrod,voorgrond
voorgschiedenis,voorgeschiedenis
voorkennisactivatie,voorkennis activatie
voorlcihting,voorlichting
voorrond,voorgrond
voorsteld,voorstelt
voorstelen,voorstellen
voorstsellen,voorstellen
voortgebouwd,voort gebouwd
voortuitgang,vooruitgang
vooruitdenkend,vooruit denkend
vooruitplannen,vooruit plannen
voorvragen,voor vragen
voorzichting,voorzichtig
vordereingen,vorderingen
Vorgeschiedenis,voorgeschiedenis
vorkomen,voorkomen
vormogen,vermogen
voro,voor
voroaf,vooraf
vorogesteld,voorgesteld
vorotouw,voortouw
vorozichtig,voorzichting
vraaag,vraag
vraagstellen,vraag stellen
VRaagt,vraagt
vrag,vraagt
vragat,vraagt
vrage,vragen
vragelijst,vragenlijst
vrágen,vragen
vragenstellen,vragen stellen
vragenstelling,vraagstelling
vragn,vragen
vragne,vragen
Vreindelijke,vriendelijke
Vreindlijk,vriendelijk
vrfagen,vragen
vriedelijk,vriendelijk
Vriedelijke,vriendelijke
Vriedenlijk,vriendelijk
vriednelijk,vriendelijk
vrief,brief
vriendelijek,vriendelijk
Vriendelijjk,vriendelijk
Vriendelijjke,vriendelijke
VriendelijkLeergierig,Vriendelijk. Leergierig.
Vriendeljke,vriendelijke
vriendleijk,vriendelijk
vriendleijke,vriendelijke
vriendlelijk,vriendelijke
Vrienelijk,vriendelijk
vrijprepareren,vrij prepareren
vrijsnel,vrij snel
vrijwilling,vrijwillig
vrindelijk,vriendelijk
vrirndelijk,vriendelijk
vroming,vorming
vrplg,verpleging
vrqagen,vragen
Vrriendelijke,vriendelijke
vruchtvoller,vruchtbaarder
vurighied,vurigheid
vverzorgde,verzorgde
waaarop,waarop
waaarschijnlijk,waarschijnlijk
waardevollere,meer waardevolle
waardop,waarop
waarhij,waar hij
waariom,waarom
waarnodig,waar nodig
waaroim,waarom
waarsch,waarschijnlijk
wakkerdere,meer wakkere
waneer,wanneer
wanneetr,wanneer
wanttrouwen,wantrouwen
wara,waar
waradoor,waardoor
wardevolle,waardevolle
warvoor,waarvoor
wát,wat
wathet,wat het
watnu,wat nu
watover,wat over
watovlledig,wat volledig
watovorzichtig,wat voorzichting
watovrschillig,wt onverschillig
watovrwacht,wat onverwacht
watovrzorgd,wat onverzorgd
watverder,wat verder
watvoor,wat voor
wavoor,waarvoor
weeet,weet
weefselgeviel,weefselgevoel
weeregeven,weergeven
weeregevn,weergeven
weetwat,weet wat
weggelatenworden,weggelaten worden
weglipvor,weg liep voor
wegwerpgebaren,wegwerk gebaren
wegwijst,weg wijst
wegzakkend,weg zakkend
wegzuchten,weg zuchten
weiinig,weinig
weing,weinig
wekelijs,wekelijks
wekende,wekkende
wekerelatie,werkrelatie
wekrzaamheden,werkzaamheden
wél,wel
wèl,wel
weldegelijk,wel degelijk
welek,welke
wellciht,wellicht
WEllicht,wellicht
welliswaar,weliswaar
welomlijnde,wel omlijnde
Welrkt,werkt
wereken,werken
werekende,werkende
werekn,werken
wergave,weergave
Werkafspraake,werkafspraken
werkattitude,werk attitude
werkethos,werk ethos
werkgerelateerd,werk gerelateerd
werkgericht,werk gericht
werkhoudingen,werk houdingen
werkinstelling,werk insteling
werkinzet,werk inzet
werkleven,werk leven
werklvoer,werkvloer
werkmanier,werk manier
werkmentaliteit,werk mentaliteit
werkmoraal,werk moraal
werkopstelling,werk opstelling
werkpatroon,werk patroon
werkpunt,werkpunt
werkregels,werk regels
werksnelheid,snelheid van werken
werktaak,werk taak
werktechnisch,werk technisch
werktsystematisch,werkt systematisch
werkzin,werk zin
weteenschappelijk,wetenschappelijk
wetenschapelijk,wetenschappelijk
wetenschapppelijk,wetenschappelijk
wijfelend,weifelend
wijzingen,wijzigingen
wijzingingen,wijzigingen
willlen,willen
wilpatiënt,wil patiënt
wkn,weken
wllicht,wellicht
woordenkeuze,woordkeuze
woorkeus,woordkeuze
wordn,worden
wordne,worden
wordtovldoende,wordt voldoende
woreden,worden
wroden,worden
wrodt,wordt
wrs,waarschijnlijk
wrsch,waarschijnlijk
Wrschl,waarschijnlijk
ws,waarschijnlijk
wsch,waarschijnlijk
wsl,waarschijnlijk
zéér,zeer
zeerk,zeer
zeflstandig,zelfstandig
zekerdere,meer zekere
zekre,zeker
zel,zelfstandig
zélf,zelfstandig
zelfcritisch,zelfkritisch
zelfden,zelfde
zelfdzame,zeldzame
zelfkunnen,zelf kunnen
zelfoordeel,eigen oordeel
zelfrefectie,zelfreflectie
zelfrefeectie,zelfreflectie
zelfrefelctie,zelfreflectie
zelfreflecite,zelfreflectie
zelfreflektie,zelfreflectie
zelfreflexie,zelfreflectie
zelfrlectie,zelfreflectie
zelfsandig,zelfstandig
Zelfsstandig,zelfstandig
zelfstanding,zelfstandig
zelfstandog,zelfstandig
zelfszeker,zelfzeker
zelfvekerd,zelfverzekerd
zelfverkeerder,zelfverzekerder
zelfverkered,zelfverzekerd
zelfvertouwen,zelfvertrouwen
zelfvertrouen,zelfvertrouwen
zelfvertrouw,zelfvertrouwen
zelfvertrouwd,zelf vertrouwd
zelfverwaarlozing,eigen verwaarlozing
Zelfverzeker,zelfverzekerd
zelfverzekerdaar,zelfverzekerder
zelfverzekerheid,zelfzekerheid
zelfverzekert,zelfverzekerd
zelfverzkerder,meer elfverzeker
zelfverzorging,eigen verzorging
zelfvetrouwen,zelfvertrouwen
zelfzekerder,meer zelfzeker
zelfzekerdheid,zelfzekerheid
zelfzekerhed,zelfzekerheid
zelstandig,zelfstandig
zelverzekerd,zelfverzekerd
Zelverzekerde,zelfverzekerder
zenuwachig,zenuwachtig
zichelf,zichzelf
zichtbarrder,meer zichtbaar
zichtzelf,zichzelf
zichzelfstaand,op zichzelf staand
zichzelg,zichzelf
ziekenhis,ziekenhuis
zieketbeelden,ziektebeelden
ziekzijn,ziek zijn
zijnbn,zijn bn
zijnMinder,zijn Minder
zijnof,zijn
zijprojecten,zij projecten
zijstraks,zij straks
zinconstructie,zinsconstructie
zinconstructies,zinsconstructies
zindsbouw,zinsbouw
zinsopbouw,zinsbouw
zinsopbouwen,zinsbouwen
zinstructuur,zinsstructuur
ziojn,zijn
zjin,zijn
zkh,ziekenhuis
zlef,zelf
Zlefverzekerd,zelfverzekerd
zn,zijn
zoch,zichzelf
zochzelf,zichzelf
zoiezo,sowieso
zolfstandig,zelfstandig
zondermeer,zonder meer
zoniet,zo niet
zonodig,zo nodig
zopdat,zodat
zorgame,zorgzame
zorgclaimende,zorg claimende
zorggerelateerde,zorg gerelateerde
zorgprocess,zorgproces
zorgverleneers,zorgverleners
zorgvoldig,zorgvuldig
ZOrgvuldig,zorgvuldig
zorgvulding,zorgvuldig
zorgvulig,zorgvuldig
zoveelmogelijk,zoveel mogelijk
zwake,zwakte
zwaktepunten,zwakke punten
zwellingin,zwellingen
